arm,stt,citation_recall,citation_precision,citation_f1,citation_display_rate,bertscore_p,bertscore_r,bertscore_f1,rouge1,rouge2,rougeL,bleu,latency_s,prolog_first_try_solution,repair_invoked,repair_success,pred_citation_parse_errors,record_path
logic_lm_hyde_semantic,109,0.0,0.0,0.0,1.0,0.6827,0.6978,0.6902,0.4688,0.1474,0.2708,0.0268,24.464,True,False,,,E:\legal-graph-kb\experiments\02_logic_lm_hyde_semantic\results\logic_lm_hyde_semantic\A109.json
logic_lm_hyde_semantic,110,0.0,0.0,0.0,1.0,0.6971,0.6879,0.6925,0.5622,0.1749,0.3135,0.0179,21.599,True,False,,,E:\legal-graph-kb\experiments\02_logic_lm_hyde_semantic\results\logic_lm_hyde_semantic\A110.json
logic_lm_hyde_semantic,116,0.0,0.0,0.0,0.0,0.0,0.0,0.0,0.0,0.0,0.0,0.0,31.52,False,True,False,,E:\legal-graph-kb\experiments\02_logic_lm_hyde_semantic\results\logic_lm_hyde_semantic\A116.json
logic_lm_hyde_semantic,119,0.0,0.0,0.0,1.0,0.7305,0.7351,0.7328,0.5584,0.2667,0.3553,0.0334,17.923,True,False,,,E:\legal-graph-kb\experiments\02_logic_lm_hyde_semantic\results\logic_lm_hyde_semantic\A119.json
logic_lm_hyde_semantic,12,0.0,0.0,0.0,0.0,0.0,0.0,0.0,0.0,0.0,0.0,0.0,94.287,False,True,False,,E:\legal-graph-kb\experiments\02_logic_lm_hyde_semantic\results\logic_lm_hyde_semantic\A12.json
logic_lm_hyde_semantic,131,0.0,0.0,0.0,0.0,0.5317,0.5438,0.5377,0.0153,0.0,0.0153,0.0021,27.703,False,True,False,,E:\legal-graph-kb\experiments\02_logic_lm_hyde_semantic\results\logic_lm_hyde_semantic\A131.json
logic_lm_hyde_semantic,139,0.0,0.0,0.0,1.0,0.7121,0.6894,0.7006,0.5096,0.0777,0.2692,0.0088,28.435,True,False,,,E:\legal-graph-kb\experiments\02_logic_lm_hyde_semantic\results\logic_lm_hyde_semantic\A139.json
logic_lm_hyde_semantic,141,0.0,0.0,0.0,1.0,0.6713,0.6951,0.683,0.5575,0.1875,0.2832,0.0211,27.822,True,False,,,E:\legal-graph-kb\experiments\02_logic_lm_hyde_semantic\results\logic_lm_hyde_semantic\A141.json
logic_lm_hyde_semantic,145,0.0,0.0,0.0,1.0,0.6675,0.6869,0.6771,0.4916,0.1582,0.2682,0.017,15.974,True,False,,,E:\legal-graph-kb\experiments\02_logic_lm_hyde_semantic\results\logic_lm_hyde_semantic\A145.json
logic_lm_hyde_semantic,152,0.0,0.0,0.0,1.0,0.7038,0.6964,0.7001,0.555,0.1932,0.2967,0.0317,21.666,True,False,,,E:\legal-graph-kb\experiments\02_logic_lm_hyde_semantic\results\logic_lm_hyde_semantic\A152.json
logic_lm_hyde_semantic,153,0.0,0.0,0.0,0.0,0.0,0.0,0.0,0.0,0.0,0.0,0.0,43.064,False,True,False,,E:\legal-graph-kb\experiments\02_logic_lm_hyde_semantic\results\logic_lm_hyde_semantic\A153.json
logic_lm_hyde_semantic,156,0.0,0.0,0.0,1.0,0.6798,0.7113,0.6951,0.5636,0.1651,0.3091,0.0181,21.298,True,False,,,E:\legal-graph-kb\experiments\02_logic_lm_hyde_semantic\results\logic_lm_hyde_semantic\A156.json
logic_lm_hyde_semantic,165,0.0,0.0,0.0,1.0,0.7406,0.731,0.7357,0.5475,0.2938,0.3464,0.1825,28.529,True,False,,,E:\legal-graph-kb\experiments\02_logic_lm_hyde_semantic\results\logic_lm_hyde_semantic\A165.json
logic_lm_hyde_semantic,168,0.0,0.0,0.0,1.0,0.7136,0.7289,0.7212,0.5778,0.2601,0.3556,0.09,23.254,True,False,,,E:\legal-graph-kb\experiments\02_logic_lm_hyde_semantic\results\logic_lm_hyde_semantic\A168.json
logic_lm_hyde_semantic,171,0.0,0.0,0.0,1.0,0.7671,0.7401,0.7534,0.6768,0.3571,0.4242,0.201,19.348,True,False,,,E:\legal-graph-kb\experiments\02_logic_lm_hyde_semantic\results\logic_lm_hyde_semantic\A171.json
logic_lm_hyde_semantic,176,0.0,0.0,0.0,1.0,0.6887,0.7077,0.6981,0.5825,0.1863,0.3204,0.0251,21.631,True,False,,,E:\legal-graph-kb\experiments\02_logic_lm_hyde_semantic\results\logic_lm_hyde_semantic\A176.json
logic_lm_hyde_semantic,184,0.0,0.0,0.0,1.0,0.6911,0.7128,0.7018,0.5556,0.1589,0.2593,0.0196,22.605,True,False,,,E:\legal-graph-kb\experiments\02_logic_lm_hyde_semantic\results\logic_lm_hyde_semantic\A184.json
logic_lm_hyde_semantic,185,0.0,0.0,0.0,1.0,0.7284,0.6976,0.7127,0.6117,0.1471,0.3107,0.0157,20.236,True,False,,,E:\legal-graph-kb\experiments\02_logic_lm_hyde_semantic\results\logic_lm_hyde_semantic\A185.json
logic_lm_hyde_semantic,188,0.0,0.0,0.0,1.0,0.7054,0.7079,0.7067,0.5517,0.1592,0.2956,0.0216,18.65,True,False,,,E:\legal-graph-kb\experiments\02_logic_lm_hyde_semantic\results\logic_lm_hyde_semantic\A188.json
logic_lm_hyde_semantic,191,0.0,0.0,0.0,1.0,0.766,0.7416,0.7536,0.7059,0.3459,0.3743,0.0979,27.753,True,False,,,E:\legal-graph-kb\experiments\02_logic_lm_hyde_semantic\results\logic_lm_hyde_semantic\A191.json
logic_lm_hyde_semantic,192,0.0,0.0,0.0,0.0,0.0,0.0,0.0,0.0,0.0,0.0,0.0,34.677,False,True,False,,E:\legal-graph-kb\experiments\02_logic_lm_hyde_semantic\results\logic_lm_hyde_semantic\A192.json
logic_lm_hyde_semantic,193,0.0,0.0,0.0,1.0,0.7029,0.721,0.7119,0.6121,0.287,0.3362,0.0237,22.107,True,False,,,E:\legal-graph-kb\experiments\02_logic_lm_hyde_semantic\results\logic_lm_hyde_semantic\A193.json
logic_lm_hyde_semantic,194,0.0,0.0,0.0,1.0,0.6769,0.697,0.6868,0.6729,0.217,0.3364,0.0407,18.114,True,False,,,E:\legal-graph-kb\experiments\02_logic_lm_hyde_semantic\results\logic_lm_hyde_semantic\A194.json
logic_lm_hyde_semantic,2,0.0,0.0,0.0,0.0,0.0,0.0,0.0,0.0,0.0,0.0,0.0,39.005,False,True,False,,E:\legal-graph-kb\experiments\02_logic_lm_hyde_semantic\results\logic_lm_hyde_semantic\A2.json
logic_lm_hyde_semantic,200,0.0,0.0,0.0,1.0,0.7214,0.7523,0.7365,0.5972,0.2584,0.3886,0.1132,25.172,True,False,,,E:\legal-graph-kb\experiments\02_logic_lm_hyde_semantic\results\logic_lm_hyde_semantic\A200.json
logic_lm_hyde_semantic,23,0.0,0.0,0.0,1.0,0.7588,0.6686,0.7109,0.2039,0.1317,0.148,0.0012,32.532,True,False,,,E:\legal-graph-kb\experiments\02_logic_lm_hyde_semantic\results\logic_lm_hyde_semantic\A23.json
logic_lm_hyde_semantic,24,0.0,0.0,0.0,1.0,0.7432,0.6669,0.703,0.3341,0.2098,0.2413,0.0129,17.232,True,False,,,E:\legal-graph-kb\experiments\02_logic_lm_hyde_semantic\results\logic_lm_hyde_semantic\A24.json
logic_lm_hyde_semantic,25,0.0,0.0,0.0,1.0,0.6974,0.6265,0.66,0.2762,0.1703,0.2063,0.0039,29.466,True,False,,,E:\legal-graph-kb\experiments\02_logic_lm_hyde_semantic\results\logic_lm_hyde_semantic\A25.json
logic_lm_hyde_semantic,27,0.0,0.0,0.0,1.0,0.7428,0.7109,0.7265,0.3852,0.2228,0.248,0.021,37.115,True,False,,,E:\legal-graph-kb\experiments\02_logic_lm_hyde_semantic\results\logic_lm_hyde_semantic\A27.json
logic_lm_hyde_semantic,29,0.0,0.0,0.0,0.0,0.0,0.0,0.0,0.0,0.0,0.0,0.0,46.979,False,True,False,,E:\legal-graph-kb\experiments\02_logic_lm_hyde_semantic\results\logic_lm_hyde_semantic\A29.json
logic_lm_hyde_semantic,36,0.0,0.0,0.0,1.0,0.744,0.747,0.7455,0.6452,0.2717,0.3226,0.0953,24.885,True,False,,,E:\legal-graph-kb\experiments\02_logic_lm_hyde_semantic\results\logic_lm_hyde_semantic\A36.json
logic_lm_hyde_semantic,40,0.0,0.0,0.0,1.0,0.7465,0.7368,0.7416,0.55,0.2727,0.35,0.0875,34.286,True,False,,,E:\legal-graph-kb\experiments\02_logic_lm_hyde_semantic\results\logic_lm_hyde_semantic\A40.json
logic_lm_hyde_semantic,41,0.0,0.0,0.0,1.0,0.8166,0.7966,0.8065,0.6897,0.408,0.3251,0.1954,19.521,True,False,,,E:\legal-graph-kb\experiments\02_logic_lm_hyde_semantic\results\logic_lm_hyde_semantic\A41.json
logic_lm_hyde_semantic,51,0.0,0.0,0.0,1.0,0.7027,0.7082,0.7054,0.614,0.2478,0.3158,0.0306,29.217,True,False,,,E:\legal-graph-kb\experiments\02_logic_lm_hyde_semantic\results\logic_lm_hyde_semantic\A51.json
logic_lm_hyde_semantic,56,0.0,0.0,0.0,0.0,0.0,0.0,0.0,0.0,0.0,0.0,0.0,48.556,False,True,False,,E:\legal-graph-kb\experiments\02_logic_lm_hyde_semantic\results\logic_lm_hyde_semantic\A56.json
logic_lm_hyde_semantic,57,0.0,0.0,0.0,1.0,0.7526,0.7102,0.7308,0.594,0.2576,0.3383,0.0376,19.312,True,False,,,E:\legal-graph-kb\experiments\02_logic_lm_hyde_semantic\results\logic_lm_hyde_semantic\A57.json
logic_lm_hyde_semantic,58,0.0,0.0,0.0,1.0,0.6551,0.7216,0.6867,0.511,0.1067,0.2731,0.0314,40.065,False,True,True,,E:\legal-graph-kb\experiments\02_logic_lm_hyde_semantic\results\logic_lm_hyde_semantic\A58.json
logic_lm_hyde_semantic,60,0.0,0.0,0.0,1.0,0.6916,0.7497,0.7195,0.5869,0.3424,0.2857,0.1124,31.457,True,False,,,E:\legal-graph-kb\experiments\02_logic_lm_hyde_semantic\results\logic_lm_hyde_semantic\A60.json
logic_lm_hyde_semantic,63,0.0,0.0,0.0,1.0,0.7114,0.7132,0.7123,0.6025,0.2532,0.3264,0.0627,21.213,True,False,,,E:\legal-graph-kb\experiments\02_logic_lm_hyde_semantic\results\logic_lm_hyde_semantic\A63.json
logic_lm_hyde_semantic,68,0.0,0.0,0.0,1.0,0.6642,0.6855,0.6747,0.6882,0.2527,0.3154,0.018,23.373,True,False,,,E:\legal-graph-kb\experiments\02_logic_lm_hyde_semantic\results\logic_lm_hyde_semantic\A68.json
logic_lm_hyde_semantic,7,0.0,0.0,0.0,1.0,0.7626,0.6871,0.7229,0.3524,0.2105,0.2381,0.033,22.319,True,False,,,E:\legal-graph-kb\experiments\02_logic_lm_hyde_semantic\results\logic_lm_hyde_semantic\A7.json
logic_lm_hyde_semantic,71,0.0,0.0,0.0,1.0,0.7119,0.7047,0.7083,0.5566,0.219,0.3019,0.0322,25.755,True,False,,,E:\legal-graph-kb\experiments\02_logic_lm_hyde_semantic\results\logic_lm_hyde_semantic\A71.json
logic_lm_hyde_semantic,72,0.0,0.0,0.0,1.0,0.7122,0.7237,0.7179,0.5933,0.2222,0.3062,0.072,21.573,True,False,,,E:\legal-graph-kb\experiments\02_logic_lm_hyde_semantic\results\logic_lm_hyde_semantic\A72.json
logic_lm_hyde_semantic,8,0.0,0.0,0.0,1.0,0.7046,0.6198,0.6595,0.2516,0.184,0.1966,0.0022,20.158,True,False,,,E:\legal-graph-kb\experiments\02_logic_lm_hyde_semantic\results\logic_lm_hyde_semantic\A8.json
logic_lm_hyde_semantic,87,0.0,0.0,0.0,1.0,0.6866,0.7169,0.7014,0.5,0.1789,0.2604,0.0288,21.367,True,False,,,E:\legal-graph-kb\experiments\02_logic_lm_hyde_semantic\results\logic_lm_hyde_semantic\A87.json
logic_lm_hyde_semantic,88,0.0,0.0,0.0,1.0,0.6906,0.7035,0.697,0.5123,0.209,0.3054,0.033,22.581,True,False,,,E:\legal-graph-kb\experiments\02_logic_lm_hyde_semantic\results\logic_lm_hyde_semantic\A88.json
logic_lm_hyde_semantic,89,0.0,0.0,0.0,1.0,0.7566,0.7382,0.7473,0.6952,0.3173,0.4,0.0971,20.187,True,False,,,E:\legal-graph-kb\experiments\02_logic_lm_hyde_semantic\results\logic_lm_hyde_semantic\A89.json
logic_lm_hyde_semantic,9,0.0,0.0,0.0,1.0,0.7235,0.666,0.6936,0.2915,0.1757,0.1839,0.003,25.036,True,False,,,E:\legal-graph-kb\experiments\02_logic_lm_hyde_semantic\results\logic_lm_hyde_semantic\A9.json
logic_lm_hyde_semantic,92,0.0,0.0,0.0,1.0,0.6888,0.6962,0.6925,0.6215,0.257,0.3745,0.0436,34.477,True,False,,,E:\legal-graph-kb\experiments\02_logic_lm_hyde_semantic\results\logic_lm_hyde_semantic\A92.json
logic_lm_hyde_semantic,99,0.0,0.0,0.0,1.0,0.6798,0.6918,0.6857,0.5455,0.1739,0.3062,0.0254,22.539,True,False,,,E:\legal-graph-kb\experiments\02_logic_lm_hyde_semantic\results\logic_lm_hyde_semantic\A99.json
logic_lm_hyde_semantic_nohyp,109,0.0,0.0,0.0,1.0,0.6838,0.7101,0.6967,0.5158,0.2021,0.3053,0.0269,13.44,True,False,,,E:\legal-graph-kb\experiments\02_logic_lm_hyde_semantic\results\logic_lm_hyde_semantic_nohyp\A109.json
logic_lm_hyde_semantic_nohyp,110,0.0,0.0,0.0,1.0,0.672,0.675,0.6735,0.601,0.2094,0.3212,0.0183,12.128,True,False,,,E:\legal-graph-kb\experiments\02_logic_lm_hyde_semantic\results\logic_lm_hyde_semantic_nohyp\A110.json
logic_lm_hyde_semantic_nohyp,116,0.0,0.0,0.0,1.0,0.6627,0.6871,0.6747,0.5333,0.1614,0.2489,0.0173,13.421,True,False,,,E:\legal-graph-kb\experiments\02_logic_lm_hyde_semantic\results\logic_lm_hyde_semantic_nohyp\A116.json
logic_lm_hyde_semantic_nohyp,119,0.0,0.0,0.0,1.0,0.7266,0.742,0.7342,0.5877,0.3349,0.3697,0.0347,10.155,True,False,,,E:\legal-graph-kb\experiments\02_logic_lm_hyde_semantic\results\logic_lm_hyde_semantic_nohyp\A119.json
logic_lm_hyde_semantic_nohyp,12,0.0,0.0,0.0,0.0,0.0,0.0,0.0,0.0,0.0,0.0,0.0,24.475,False,True,False,,E:\legal-graph-kb\experiments\02_logic_lm_hyde_semantic\results\logic_lm_hyde_semantic_nohyp\A12.json
logic_lm_hyde_semantic_nohyp,131,0.0,0.0,0.0,1.0,0.6677,0.7282,0.6967,0.6545,0.2385,0.2909,0.0434,14.117,True,False,,,E:\legal-graph-kb\experiments\02_logic_lm_hyde_semantic\results\logic_lm_hyde_semantic_nohyp\A131.json
logic_lm_hyde_semantic_nohyp,139,0.0,0.0,0.0,0.0,0.0,0.0,0.0,0.0,0.0,0.0,0.0,19.198,False,True,False,,E:\legal-graph-kb\experiments\02_logic_lm_hyde_semantic\results\logic_lm_hyde_semantic_nohyp\A139.json
logic_lm_hyde_semantic_nohyp,141,0.0,0.0,0.0,1.0,0.6865,0.6903,0.6884,0.5566,0.1619,0.2925,0.0174,12.984,True,False,,,E:\legal-graph-kb\experiments\02_logic_lm_hyde_semantic\results\logic_lm_hyde_semantic_nohyp\A141.json
logic_lm_hyde_semantic_nohyp,145,0.0,0.0,0.0,1.0,0.678,0.7064,0.6919,0.6026,0.1586,0.3057,0.0177,10.052,True,False,,,E:\legal-graph-kb\experiments\02_logic_lm_hyde_semantic\results\logic_lm_hyde_semantic_nohyp\A145.json
logic_lm_hyde_semantic_nohyp,152,0.0,0.0,0.0,1.0,0.71,0.7085,0.7093,0.56,0.1794,0.3022,0.034,16.015,True,False,,,E:\legal-graph-kb\experiments\02_logic_lm_hyde_semantic\results\logic_lm_hyde_semantic_nohyp\A152.json
logic_lm_hyde_semantic_nohyp,153,0.0,0.0,0.0,1.0,0.6683,0.6939,0.6809,0.6567,0.2211,0.3383,0.0469,14.396,True,False,,,E:\legal-graph-kb\experiments\02_logic_lm_hyde_semantic\results\logic_lm_hyde_semantic_nohyp\A153.json
logic_lm_hyde_semantic_nohyp,156,0.0,0.0,0.0,1.0,0.6983,0.7201,0.709,0.5556,0.2336,0.3333,0.035,12.729,True,False,,,E:\legal-graph-kb\experiments\02_logic_lm_hyde_semantic\results\logic_lm_hyde_semantic_nohyp\A156.json
logic_lm_hyde_semantic_nohyp,165,0.0,0.0,0.0,1.0,0.7422,0.7423,0.7423,0.5896,0.3275,0.4046,0.1523,12.436,True,False,,,E:\legal-graph-kb\experiments\02_logic_lm_hyde_semantic\results\logic_lm_hyde_semantic_nohyp\A165.json
logic_lm_hyde_semantic_nohyp,168,0.0,0.0,0.0,1.0,0.7304,0.7251,0.7277,0.5646,0.2222,0.3349,0.0842,12.641,True,False,,,E:\legal-graph-kb\experiments\02_logic_lm_hyde_semantic\results\logic_lm_hyde_semantic_nohyp\A168.json
logic_lm_hyde_semantic_nohyp,171,0.0,0.0,0.0,1.0,0.7263,0.753,0.7394,0.5941,0.29,0.3465,0.0921,11.571,True,False,,,E:\legal-graph-kb\experiments\02_logic_lm_hyde_semantic\results\logic_lm_hyde_semantic_nohyp\A171.json
logic_lm_hyde_semantic_nohyp,176,0.0,0.0,0.0,1.0,0.6952,0.7107,0.7029,0.6435,0.2456,0.3478,0.0286,11.155,True,False,,,E:\legal-graph-kb\experiments\02_logic_lm_hyde_semantic\results\logic_lm_hyde_semantic_nohyp\A176.json
logic_lm_hyde_semantic_nohyp,184,0.0,0.0,0.0,1.0,0.6951,0.71,0.7025,0.49,0.1616,0.28,0.0343,10.902,True,False,,,E:\legal-graph-kb\experiments\02_logic_lm_hyde_semantic\results\logic_lm_hyde_semantic_nohyp\A184.json
logic_lm_hyde_semantic_nohyp,185,0.0,0.0,0.0,0.0,0.0,0.0,0.0,0.0,0.0,0.0,0.0,18.893,False,True,False,,E:\legal-graph-kb\experiments\02_logic_lm_hyde_semantic\results\logic_lm_hyde_semantic_nohyp\A185.json
logic_lm_hyde_semantic_nohyp,188,0.0,0.0,0.0,1.0,0.6743,0.688,0.6811,0.5492,0.1675,0.3005,0.0184,11.134,True,False,,,E:\legal-graph-kb\experiments\02_logic_lm_hyde_semantic\results\logic_lm_hyde_semantic_nohyp\A188.json
logic_lm_hyde_semantic_nohyp,191,0.0,0.0,0.0,0.0,0.0,0.0,0.0,0.0,0.0,0.0,0.0,20.135,False,True,False,,E:\legal-graph-kb\experiments\02_logic_lm_hyde_semantic\results\logic_lm_hyde_semantic_nohyp\A191.json
logic_lm_hyde_semantic_nohyp,192,0.0,0.0,0.0,1.0,0.7129,0.6845,0.6984,0.6239,0.2315,0.3028,0.0122,22.187,False,True,True,,E:\legal-graph-kb\experiments\02_logic_lm_hyde_semantic\results\logic_lm_hyde_semantic_nohyp\A192.json
logic_lm_hyde_semantic_nohyp,193,0.0,0.0,0.0,1.0,0.6769,0.68,0.6784,0.4976,0.2029,0.3254,0.0139,13.774,True,False,,,E:\legal-graph-kb\experiments\02_logic_lm_hyde_semantic\results\logic_lm_hyde_semantic_nohyp\A193.json
logic_lm_hyde_semantic_nohyp,194,0.0,0.0,0.0,1.0,0.6884,0.6932,0.6908,0.6117,0.1863,0.3204,0.0247,12.076,True,False,,,E:\legal-graph-kb\experiments\02_logic_lm_hyde_semantic\results\logic_lm_hyde_semantic_nohyp\A194.json
logic_lm_hyde_semantic_nohyp,2,0.0,0.0,0.0,0.0,0.0,0.0,0.0,0.0,0.0,0.0,0.0,19.66,False,True,False,,E:\legal-graph-kb\experiments\02_logic_lm_hyde_semantic\results\logic_lm_hyde_semantic_nohyp\A2.json
logic_lm_hyde_semantic_nohyp,200,0.0,0.0,0.0,1.0,0.7174,0.7535,0.735,0.6119,0.2581,0.3836,0.1145,18.459,True,False,,,E:\legal-graph-kb\experiments\02_logic_lm_hyde_semantic\results\logic_lm_hyde_semantic_nohyp\A200.json
logic_lm_hyde_semantic_nohyp,23,0.0,0.0,0.0,1.0,0.7637,0.6723,0.7151,0.2092,0.1455,0.1534,0.0015,13.893,True,False,,,E:\legal-graph-kb\experiments\02_logic_lm_hyde_semantic\results\logic_lm_hyde_semantic_nohyp\A23.json
logic_lm_hyde_semantic_nohyp,24,0.0,0.0,0.0,1.0,0.7302,0.6633,0.6951,0.3333,0.1953,0.2407,0.0095,10.752,False,True,True,,E:\legal-graph-kb\experiments\02_logic_lm_hyde_semantic\results\logic_lm_hyde_semantic_nohyp\A24.json
logic_lm_hyde_semantic_nohyp,25,0.0,0.0,0.0,1.0,0.7065,0.6166,0.6585,0.2169,0.1278,0.1859,0.0017,14.275,True,False,,,E:\legal-graph-kb\experiments\02_logic_lm_hyde_semantic\results\logic_lm_hyde_semantic_nohyp\A25.json
logic_lm_hyde_semantic_nohyp,27,0.0,0.0,0.0,1.0,0.7462,0.7161,0.7309,0.368,0.2038,0.2293,0.0262,12.504,True,False,,,E:\legal-graph-kb\experiments\02_logic_lm_hyde_semantic\results\logic_lm_hyde_semantic_nohyp\A27.json
logic_lm_hyde_semantic_nohyp,29,0.0,0.0,0.0,1.0,0.7424,0.6996,0.7204,0.5088,0.2471,0.2339,0.0448,10.949,True,False,,,E:\legal-graph-kb\experiments\02_logic_lm_hyde_semantic\results\logic_lm_hyde_semantic_nohyp\A29.json
logic_lm_hyde_semantic_nohyp,36,0.0,0.0,0.0,1.0,0.7895,0.7878,0.7887,0.6739,0.4066,0.3696,0.1827,10.539,True,False,,,E:\legal-graph-kb\experiments\02_logic_lm_hyde_semantic\results\logic_lm_hyde_semantic_nohyp\A36.json
logic_lm_hyde_semantic_nohyp,40,0.0,0.0,0.0,1.0,0.747,0.7387,0.7428,0.57,0.2537,0.3575,0.0757,14.475,True,False,,,E:\legal-graph-kb\experiments\02_logic_lm_hyde_semantic\results\logic_lm_hyde_semantic_nohyp\A40.json
logic_lm_hyde_semantic_nohyp,41,0.0,0.0,0.0,1.0,0.783,0.8052,0.7939,0.7143,0.4234,0.3839,0.1701,13.294,True,False,,,E:\legal-graph-kb\experiments\02_logic_lm_hyde_semantic\results\logic_lm_hyde_semantic_nohyp\A41.json
logic_lm_hyde_semantic_nohyp,51,0.0,0.0,0.0,1.0,0.6937,0.712,0.7027,0.6883,0.2367,0.3644,0.0214,12.328,True,False,,,E:\legal-graph-kb\experiments\02_logic_lm_hyde_semantic\results\logic_lm_hyde_semantic_nohyp\A51.json
logic_lm_hyde_semantic_nohyp,56,0.0,0.0,0.0,0.0,0.0,0.0,0.0,0.0,0.0,0.0,0.0,21.24,False,True,False,,E:\legal-graph-kb\experiments\02_logic_lm_hyde_semantic\results\logic_lm_hyde_semantic_nohyp\A56.json
logic_lm_hyde_semantic_nohyp,57,0.0,0.0,0.0,1.0,0.7284,0.7292,0.7288,0.6204,0.2574,0.2993,0.0206,10.463,True,False,,,E:\legal-graph-kb\experiments\02_logic_lm_hyde_semantic\results\logic_lm_hyde_semantic_nohyp\A57.json
logic_lm_hyde_semantic_nohyp,58,0.0,0.0,0.0,1.0,0.6934,0.7247,0.7087,0.5688,0.1574,0.3394,0.0319,16.869,True,False,,,E:\legal-graph-kb\experiments\02_logic_lm_hyde_semantic\results\logic_lm_hyde_semantic_nohyp\A58.json
logic_lm_hyde_semantic_nohyp,60,0.0,0.0,0.0,1.0,0.6849,0.7426,0.7126,0.6061,0.3053,0.3258,0.1214,16.197,True,False,,,E:\legal-graph-kb\experiments\02_logic_lm_hyde_semantic\results\logic_lm_hyde_semantic_nohyp\A60.json
logic_lm_hyde_semantic_nohyp,63,0.0,0.0,0.0,1.0,0.7238,0.7243,0.7241,0.5983,0.2586,0.3077,0.0523,15.845,False,True,True,,E:\legal-graph-kb\experiments\02_logic_lm_hyde_semantic\results\logic_lm_hyde_semantic_nohyp\A63.json
logic_lm_hyde_semantic_nohyp,68,0.0,0.0,0.0,1.0,0.6649,0.6864,0.6755,0.6617,0.1948,0.2974,0.0171,14.383,True,False,,,E:\legal-graph-kb\experiments\02_logic_lm_hyde_semantic\results\logic_lm_hyde_semantic_nohyp\A68.json
logic_lm_hyde_semantic_nohyp,7,0.0,0.0,0.0,1.0,0.759,0.6852,0.7202,0.3325,0.184,0.2313,0.0275,15.606,True,False,,,E:\legal-graph-kb\experiments\02_logic_lm_hyde_semantic\results\logic_lm_hyde_semantic_nohyp\A7.json
logic_lm_hyde_semantic_nohyp,71,0.0,0.0,0.0,1.0,0.739,0.7232,0.731,0.5567,0.2812,0.3093,0.0492,14.084,True,False,,,E:\legal-graph-kb\experiments\02_logic_lm_hyde_semantic\results\logic_lm_hyde_semantic_nohyp\A71.json
logic_lm_hyde_semantic_nohyp,72,0.0,0.0,0.0,1.0,0.6706,0.715,0.6921,0.6494,0.2533,0.2857,0.0817,19.594,True,False,,,E:\legal-graph-kb\experiments\02_logic_lm_hyde_semantic\results\logic_lm_hyde_semantic_nohyp\A72.json
logic_lm_hyde_semantic_nohyp,8,0.0,0.0,0.0,1.0,0.6918,0.6128,0.6499,0.2081,0.1328,0.1514,0.0005,15.556,True,False,,,E:\legal-graph-kb\experiments\02_logic_lm_hyde_semantic\results\logic_lm_hyde_semantic_nohyp\A8.json
logic_lm_hyde_semantic_nohyp,87,0.0,0.0,0.0,1.0,0.6956,0.7357,0.7151,0.5408,0.2268,0.3061,0.0808,20.369,False,True,True,,E:\legal-graph-kb\experiments\02_logic_lm_hyde_semantic\results\logic_lm_hyde_semantic_nohyp\A87.json
logic_lm_hyde_semantic_nohyp,88,0.0,0.0,0.0,1.0,0.6906,0.714,0.7021,0.5048,0.2596,0.2952,0.0406,16.296,True,False,,,E:\legal-graph-kb\experiments\02_logic_lm_hyde_semantic\results\logic_lm_hyde_semantic_nohyp\A88.json
logic_lm_hyde_semantic_nohyp,89,0.0,0.0,0.0,1.0,0.7103,0.7328,0.7214,0.6573,0.2654,0.385,0.093,10.484,True,False,,,E:\legal-graph-kb\experiments\02_logic_lm_hyde_semantic\results\logic_lm_hyde_semantic_nohyp\A89.json
logic_lm_hyde_semantic_nohyp,9,0.0,0.0,0.0,1.0,0.7281,0.6574,0.691,0.2752,0.1613,0.1606,0.0021,12.815,True,False,,,E:\legal-graph-kb\experiments\02_logic_lm_hyde_semantic\results\logic_lm_hyde_semantic_nohyp\A9.json
logic_lm_hyde_semantic_nohyp,92,0.0,0.0,0.0,1.0,0.6499,0.6623,0.656,0.5645,0.2033,0.3226,0.0366,30.768,False,True,True,,E:\legal-graph-kb\experiments\02_logic_lm_hyde_semantic\results\logic_lm_hyde_semantic_nohyp\A92.json
logic_lm_hyde_semantic_nohyp,99,0.0,0.0,0.0,1.0,0.6979,0.7063,0.702,0.5226,0.1929,0.3216,0.027,13.483,True,False,,,E:\legal-graph-kb\experiments\02_logic_lm_hyde_semantic\results\logic_lm_hyde_semantic_nohyp\A99.json
qa_hyde_semantic,109,0.0,0.0,0.0,1.0,0.6704,0.7275,0.6978,0.5097,0.2507,0.2992,0.0496,5.967,,,,,E:\legal-graph-kb\experiments\02_logic_lm_hyde_semantic\results\qa_hyde_semantic\A109.json
qa_hyde_semantic,110,0.0,0.0,0.0,1.0,0.6608,0.6281,0.644,0.5165,0.1333,0.2857,0.0215,3.832,,,,,E:\legal-graph-kb\experiments\02_logic_lm_hyde_semantic\results\qa_hyde_semantic\A110.json
qa_hyde_semantic,116,0.0,0.0,0.0,1.0,0.6471,0.644,0.6455,0.4817,0.2086,0.2805,0.0193,4.902,,,,,E:\legal-graph-kb\experiments\02_logic_lm_hyde_semantic\results\qa_hyde_semantic\A116.json
qa_hyde_semantic,119,0.0,0.0,0.0,1.0,0.6648,0.6472,0.6559,0.4535,0.2,0.2674,0.0089,3.723,,,,,E:\legal-graph-kb\experiments\02_logic_lm_hyde_semantic\results\qa_hyde_semantic\A119.json
qa_hyde_semantic,12,0.0,0.0,0.0,1.0,0.6355,0.5327,0.5796,0.0636,0.0478,0.0557,0.0,3.462,,,,,E:\legal-graph-kb\experiments\02_logic_lm_hyde_semantic\results\qa_hyde_semantic\A12.json
qa_hyde_semantic,131,0.0,0.0,0.0,1.0,0.6527,0.6508,0.6518,0.4403,0.1274,0.239,0.0057,5.378,,,,,E:\legal-graph-kb\experiments\02_logic_lm_hyde_semantic\results\qa_hyde_semantic\A131.json
qa_hyde_semantic,139,0.0,0.0,0.0,1.0,0.638,0.6294,0.6336,0.3709,0.0671,0.2252,0.0047,3.794,,,,,E:\legal-graph-kb\experiments\02_logic_lm_hyde_semantic\results\qa_hyde_semantic\A139.json
qa_hyde_semantic,141,0.0,0.0,0.0,1.0,0.6705,0.6583,0.6644,0.4091,0.1149,0.2273,0.0085,3.766,,,,,E:\legal-graph-kb\experiments\02_logic_lm_hyde_semantic\results\qa_hyde_semantic\A141.json
qa_hyde_semantic,145,0.0,0.0,0.0,1.0,0.6864,0.6921,0.6893,0.5609,0.1933,0.2804,0.0167,3.666,,,,,E:\legal-graph-kb\experiments\02_logic_lm_hyde_semantic\results\qa_hyde_semantic\A145.json
qa_hyde_semantic,152,0.0,0.0,0.0,1.0,0.7093,0.7566,0.7322,0.4949,0.2462,0.2857,0.0708,5.155,,,,,E:\legal-graph-kb\experiments\02_logic_lm_hyde_semantic\results\qa_hyde_semantic\A152.json
qa_hyde_semantic,153,0.0,0.0,0.0,1.0,0.635,0.6169,0.6258,0.3974,0.1299,0.2564,0.0048,2.444,,,,,E:\legal-graph-kb\experiments\02_logic_lm_hyde_semantic\results\qa_hyde_semantic\A153.json
qa_hyde_semantic,156,0.0,0.0,0.0,1.0,0.6665,0.6304,0.6479,0.4024,0.0864,0.2561,0.0045,2.097,,,,,E:\legal-graph-kb\experiments\02_logic_lm_hyde_semantic\results\qa_hyde_semantic\A156.json
qa_hyde_semantic,165,0.0,0.0,0.0,1.0,0.6528,0.6832,0.6677,0.4009,0.2227,0.2594,0.0567,7.528,,,,,E:\legal-graph-kb\experiments\02_logic_lm_hyde_semantic\results\qa_hyde_semantic\A165.json
qa_hyde_semantic,168,0.0,0.0,0.0,1.0,0.6422,0.6213,0.6316,0.3976,0.0488,0.2289,0.0042,6.369,,,,,E:\legal-graph-kb\experiments\02_logic_lm_hyde_semantic\results\qa_hyde_semantic\A168.json
qa_hyde_semantic,171,0.0,0.0,0.0,1.0,0.6387,0.6583,0.6483,0.5169,0.1057,0.2247,0.0208,4.656,,,,,E:\legal-graph-kb\experiments\02_logic_lm_hyde_semantic\results\qa_hyde_semantic\A171.json
qa_hyde_semantic,176,0.0,0.0,0.0,1.0,0.6471,0.6221,0.6344,0.3571,0.0723,0.25,0.0034,2.621,,,,,E:\legal-graph-kb\experiments\02_logic_lm_hyde_semantic\results\qa_hyde_semantic\A176.json
qa_hyde_semantic,184,0.0,0.0,0.0,1.0,0.6461,0.6361,0.641,0.3713,0.0848,0.2156,0.0034,4.014,,,,,E:\legal-graph-kb\experiments\02_logic_lm_hyde_semantic\results\qa_hyde_semantic\A184.json
qa_hyde_semantic,185,0.0,0.0,0.0,1.0,0.6768,0.6651,0.6709,0.5728,0.1373,0.2816,0.0207,3.773,,,,,E:\legal-graph-kb\experiments\02_logic_lm_hyde_semantic\results\qa_hyde_semantic\A185.json
qa_hyde_semantic,188,0.0,0.0,0.0,1.0,0.6529,0.6389,0.6458,0.381,0.1379,0.2313,0.0051,3.689,,,,,E:\legal-graph-kb\experiments\02_logic_lm_hyde_semantic\results\qa_hyde_semantic\A188.json
qa_hyde_semantic,191,0.0,0.0,0.0,1.0,0.7321,0.7423,0.7371,0.6504,0.3852,0.3496,0.1561,3.962,,,,,E:\legal-graph-kb\experiments\02_logic_lm_hyde_semantic\results\qa_hyde_semantic\A191.json
qa_hyde_semantic,192,0.0,0.0,0.0,1.0,0.6229,0.6247,0.6238,0.4088,0.1117,0.2541,0.0057,5.263,,,,,E:\legal-graph-kb\experiments\02_logic_lm_hyde_semantic\results\qa_hyde_semantic\A192.json
qa_hyde_semantic,193,0.0,0.0,0.0,1.0,0.6658,0.7046,0.6847,0.5288,0.2211,0.2984,0.0215,4.404,,,,,E:\legal-graph-kb\experiments\02_logic_lm_hyde_semantic\results\qa_hyde_semantic\A193.json
qa_hyde_semantic,194,0.0,0.0,0.0,1.0,0.634,0.6418,0.6379,0.4,0.0839,0.2483,0.0061,8.698,,,,,E:\legal-graph-kb\experiments\02_logic_lm_hyde_semantic\results\qa_hyde_semantic\A194.json
qa_hyde_semantic,2,0.0,0.0,0.0,1.0,0.6591,0.6411,0.65,0.4429,0.1159,0.2714,0.0104,3.398,,,,,E:\legal-graph-kb\experiments\02_logic_lm_hyde_semantic\results\qa_hyde_semantic\A2.json
qa_hyde_semantic,200,0.0,0.0,0.0,1.0,0.6718,0.7162,0.6933,0.4914,0.2321,0.2703,0.0237,6.796,,,,,E:\legal-graph-kb\experiments\02_logic_lm_hyde_semantic\results\qa_hyde_semantic\A200.json
qa_hyde_semantic,23,0.0,0.0,0.0,1.0,0.7677,0.7234,0.7449,0.4977,0.3776,0.3356,0.1119,6.232,,,,,E:\legal-graph-kb\experiments\02_logic_lm_hyde_semantic\results\qa_hyde_semantic\A23.json
qa_hyde_semantic,24,0.0,0.0,0.0,1.0,0.6402,0.5714,0.6038,0.1954,0.0982,0.1542,0.0002,4.498,,,,,E:\legal-graph-kb\experiments\02_logic_lm_hyde_semantic\results\qa_hyde_semantic\A24.json
qa_hyde_semantic,25,0.0,0.0,0.0,1.0,0.7302,0.689,0.709,0.5861,0.3505,0.3653,0.1061,4.284,,,,,E:\legal-graph-kb\experiments\02_logic_lm_hyde_semantic\results\qa_hyde_semantic\A25.json
qa_hyde_semantic,27,0.0,0.0,0.0,1.0,0.835,0.8111,0.8229,0.6953,0.501,0.4703,0.3087,5.192,,,,,E:\legal-graph-kb\experiments\02_logic_lm_hyde_semantic\results\qa_hyde_semantic\A27.json
qa_hyde_semantic,29,0.0,0.0,0.0,1.0,0.669,0.5843,0.6238,0.2828,0.1042,0.1793,0.0003,2.002,,,,,E:\legal-graph-kb\experiments\02_logic_lm_hyde_semantic\results\qa_hyde_semantic\A29.json
qa_hyde_semantic,36,0.0,0.0,0.0,1.0,0.8109,0.7848,0.7977,0.7113,0.4479,0.4021,0.2988,2.648,,,,,E:\legal-graph-kb\experiments\02_logic_lm_hyde_semantic\results\qa_hyde_semantic\A36.json
qa_hyde_semantic,40,0.0,0.0,0.0,1.0,0.736,0.7492,0.7425,0.5501,0.2481,0.3239,0.0933,5.152,,,,,E:\legal-graph-kb\experiments\02_logic_lm_hyde_semantic\results\qa_hyde_semantic\A40.json
qa_hyde_semantic,41,0.0,0.0,0.0,1.0,0.7254,0.749,0.737,0.4777,0.3004,0.2857,0.0689,5.73,,,,,E:\legal-graph-kb\experiments\02_logic_lm_hyde_semantic\results\qa_hyde_semantic\A41.json
qa_hyde_semantic,51,0.0,0.0,0.0,1.0,0.6948,0.6987,0.6967,0.5628,0.262,0.3117,0.0309,3.683,,,,,E:\legal-graph-kb\experiments\02_logic_lm_hyde_semantic\results\qa_hyde_semantic\A51.json
qa_hyde_semantic,56,0.0,0.0,0.0,1.0,0.6496,0.675,0.6621,0.5839,0.2994,0.323,0.0647,5.713,,,,,E:\legal-graph-kb\experiments\02_logic_lm_hyde_semantic\results\qa_hyde_semantic\A56.json
qa_hyde_semantic,57,0.0,0.0,0.0,1.0,0.6586,0.6266,0.6422,0.3491,0.1048,0.2075,0.0016,2.956,,,,,E:\legal-graph-kb\experiments\02_logic_lm_hyde_semantic\results\qa_hyde_semantic\A57.json
qa_hyde_semantic,58,0.0,0.0,0.0,1.0,0.6998,0.7546,0.7262,0.566,0.2439,0.3342,0.0838,5.962,,,,,E:\legal-graph-kb\experiments\02_logic_lm_hyde_semantic\results\qa_hyde_semantic\A58.json
qa_hyde_semantic,60,0.0,0.0,0.0,1.0,0.6194,0.6002,0.6096,0.36,0.1212,0.23,0.0025,3.379,,,,,E:\legal-graph-kb\experiments\02_logic_lm_hyde_semantic\results\qa_hyde_semantic\A60.json
qa_hyde_semantic,63,0.0,0.0,0.0,1.0,0.6496,0.6345,0.6419,0.3778,0.1011,0.2333,0.0063,4.251,,,,,E:\legal-graph-kb\experiments\02_logic_lm_hyde_semantic\results\qa_hyde_semantic\A63.json
qa_hyde_semantic,68,0.0,0.0,0.0,1.0,0.6763,0.6431,0.6593,0.4444,0.1236,0.2556,0.0047,2.569,,,,,E:\legal-graph-kb\experiments\02_logic_lm_hyde_semantic\results\qa_hyde_semantic\A68.json
qa_hyde_semantic,7,0.0,0.0,0.0,1.0,0.7765,0.7528,0.7645,0.7751,0.4268,0.3739,0.2404,6.577,,,,,E:\legal-graph-kb\experiments\02_logic_lm_hyde_semantic\results\qa_hyde_semantic\A7.json
qa_hyde_semantic,71,0.0,0.0,0.0,1.0,0.6542,0.641,0.6475,0.3929,0.0602,0.2381,0.0035,2.145,,,,,E:\legal-graph-kb\experiments\02_logic_lm_hyde_semantic\results\qa_hyde_semantic\A71.json
qa_hyde_semantic,72,0.0,0.0,0.0,1.0,0.704,0.7201,0.7119,0.6111,0.2626,0.3556,0.0472,4.254,,,,,E:\legal-graph-kb\experiments\02_logic_lm_hyde_semantic\results\qa_hyde_semantic\A72.json
qa_hyde_semantic,8,0.0,0.0,0.0,1.0,0.6451,0.5315,0.5828,0.1143,0.063,0.0971,0.0,7.984,,,,,E:\legal-graph-kb\experiments\02_logic_lm_hyde_semantic\results\qa_hyde_semantic\A8.json
qa_hyde_semantic,87,0.0,0.0,0.0,1.0,0.7008,0.7567,0.7277,0.4587,0.278,0.3017,0.0759,7.327,,,,,E:\legal-graph-kb\experiments\02_logic_lm_hyde_semantic\results\qa_hyde_semantic\A87.json
qa_hyde_semantic,88,0.0,0.0,0.0,1.0,0.662,0.6356,0.6486,0.5579,0.1299,0.2833,0.0073,3.495,,,,,E:\legal-graph-kb\experiments\02_logic_lm_hyde_semantic\results\qa_hyde_semantic\A88.json
qa_hyde_semantic,89,0.0,0.0,0.0,1.0,0.6856,0.6528,0.6688,0.4375,0.1139,0.2625,0.0074,2.519,,,,,E:\legal-graph-kb\experiments\02_logic_lm_hyde_semantic\results\qa_hyde_semantic\A89.json
qa_hyde_semantic,9,0.0,0.0,0.0,1.0,0.6193,0.5484,0.5817,0.1792,0.0438,0.1453,0.0,3.432,,,,,E:\legal-graph-kb\experiments\02_logic_lm_hyde_semantic\results\qa_hyde_semantic\A9.json
qa_hyde_semantic,92,0.0,0.0,0.0,1.0,0.6478,0.5957,0.6207,0.3196,0.0938,0.2062,0.0042,3.005,,,,,E:\legal-graph-kb\experiments\02_logic_lm_hyde_semantic\results\qa_hyde_semantic\A92.json
qa_hyde_semantic,99,0.0,0.0,0.0,1.0,0.6422,0.6175,0.6296,0.3735,0.061,0.241,0.0046,2.373,,,,,E:\legal-graph-kb\experiments\02_logic_lm_hyde_semantic\results\qa_hyde_semantic\A99.json
graphrag,109,0.0,0.0,0.0,0.0,0.7225,0.7443,0.7332,0.5687,0.3145,0.3813,0.1265,5.6,,,,,E:\legal-graph-kb\experiments\02_logic_lm_hyde_semantic\results\graphrag\A109.json
graphrag,110,0.0,0.0,0.0,0.0,0.6504,0.6054,0.6271,0.3506,0.0658,0.2208,0.0043,1.9,,,,,E:\legal-graph-kb\experiments\02_logic_lm_hyde_semantic\results\graphrag\A110.json
graphrag,116,0.0,0.0,0.0,0.0,0.644,0.6386,0.6413,0.47,0.1767,0.2673,0.0241,2.36,,,,,E:\legal-graph-kb\experiments\02_logic_lm_hyde_semantic\results\graphrag\A116.json
graphrag,119,0.0,0.0,0.0,0.0,0.7058,0.701,0.7034,0.5833,0.2448,0.3125,0.0299,2.64,,,,,E:\legal-graph-kb\experiments\02_logic_lm_hyde_semantic\results\graphrag\A119.json
graphrag,12,0.0,0.0,0.0,,0.6883,0.6304,0.658,0.2426,0.1754,0.1823,0.0006,2.46,,,,,E:\legal-graph-kb\experiments\02_logic_lm_hyde_semantic\results\graphrag\A12.json
graphrag,131,0.0,0.0,0.0,,0.6594,0.6681,0.6638,0.6244,0.1735,0.2715,0.0156,3.38,,,,,E:\legal-graph-kb\experiments\02_logic_lm_hyde_semantic\results\graphrag\A131.json
graphrag,139,0.0,0.0,0.0,,0.6348,0.646,0.6404,0.5259,0.087,0.25,0.008,2.1,,,,,E:\legal-graph-kb\experiments\02_logic_lm_hyde_semantic\results\graphrag\A139.json
graphrag,141,0.0,0.0,0.0,0.0,0.681,0.6716,0.6763,0.532,0.1294,0.2562,0.0148,2.05,,,,,E:\legal-graph-kb\experiments\02_logic_lm_hyde_semantic\results\graphrag\A141.json
graphrag,145,0.0,0.0,0.0,0.0,0.6499,0.6273,0.6384,0.4161,0.0544,0.2282,0.0045,2.05,,,,,E:\legal-graph-kb\experiments\02_logic_lm_hyde_semantic\results\graphrag\A145.json
graphrag,152,0.0,0.0,0.0,,0.6271,0.6214,0.6242,0.3955,0.0686,0.226,0.0054,2.16,,,,,E:\legal-graph-kb\experiments\02_logic_lm_hyde_semantic\results\graphrag\A152.json
graphrag,153,0.0,0.0,0.0,0.0,0.6355,0.6185,0.6269,0.4076,0.129,0.2675,0.0052,62.75,,,,,E:\legal-graph-kb\experiments\02_logic_lm_hyde_semantic\results\graphrag\A153.json
graphrag,156,0.0,0.0,0.0,0.0,0.6777,0.6767,0.6772,0.4809,0.0994,0.2732,0.0115,2.5,,,,,E:\legal-graph-kb\experiments\02_logic_lm_hyde_semantic\results\graphrag\A156.json
graphrag,165,0.0,0.0,0.0,0.0,0.616,0.6484,0.6318,0.4332,0.1667,0.2888,0.025,3.65,,,,,E:\legal-graph-kb\experiments\02_logic_lm_hyde_semantic\results\graphrag\A165.json
graphrag,168,0.0,0.0,0.0,0.0,0.6452,0.6306,0.6378,0.4783,0.0989,0.25,0.0104,1.95,,,,,E:\legal-graph-kb\experiments\02_logic_lm_hyde_semantic\results\graphrag\A168.json
graphrag,171,0.0,0.0,0.0,,0.6629,0.6703,0.6665,0.4884,0.1647,0.2442,0.044,1.37,,,,,E:\legal-graph-kb\experiments\02_logic_lm_hyde_semantic\results\graphrag\A171.json
graphrag,176,0.0,0.0,0.0,0.0,0.6573,0.6718,0.6645,0.5967,0.1782,0.3279,0.0238,3.16,,,,,E:\legal-graph-kb\experiments\02_logic_lm_hyde_semantic\results\graphrag\A176.json
graphrag,184,0.0,0.0,0.0,0.0,0.661,0.6732,0.667,0.5766,0.1091,0.2523,0.0126,1.93,,,,,E:\legal-graph-kb\experiments\02_logic_lm_hyde_semantic\results\graphrag\A184.json
graphrag,185,0.0,0.0,0.0,0.0,0.6467,0.6606,0.6536,0.5617,0.1202,0.2894,0.0076,1.9,,,,,E:\legal-graph-kb\experiments\02_logic_lm_hyde_semantic\results\graphrag\A185.json
graphrag,188,0.0,0.0,0.0,0.0,0.6507,0.6392,0.6449,0.381,0.1379,0.2313,0.0053,1.85,,,,,E:\legal-graph-kb\experiments\02_logic_lm_hyde_semantic\results\graphrag\A188.json
graphrag,191,0.0,0.0,0.0,0.0,0.7458,0.7755,0.7604,0.6308,0.3827,0.3799,0.1708,2.65,,,,,E:\legal-graph-kb\experiments\02_logic_lm_hyde_semantic\results\graphrag\A191.json
graphrag,192,0.0,0.0,0.0,,0.6427,0.6539,0.6482,0.63,0.1845,0.2857,0.0257,2.44,,,,,E:\legal-graph-kb\experiments\02_logic_lm_hyde_semantic\results\graphrag\A192.json
graphrag,193,0.0,0.0,0.0,,0.6523,0.6492,0.6507,0.5302,0.1315,0.307,0.0113,2.26,,,,,E:\legal-graph-kb\experiments\02_logic_lm_hyde_semantic\results\graphrag\A193.json
graphrag,194,0.0,0.0,0.0,0.0,0.6565,0.6403,0.6483,0.4,0.0839,0.2483,0.0052,1.93,,,,,E:\legal-graph-kb\experiments\02_logic_lm_hyde_semantic\results\graphrag\A194.json
graphrag,2,0.0,0.0,0.0,,0.6632,0.6933,0.6779,0.5726,0.2008,0.3237,0.036,3.9,,,,,E:\legal-graph-kb\experiments\02_logic_lm_hyde_semantic\results\graphrag\A2.json
graphrag,200,0.0,0.0,0.0,0.0,0.6845,0.6994,0.6919,0.5141,0.2159,0.2881,0.0297,3.31,,,,,E:\legal-graph-kb\experiments\02_logic_lm_hyde_semantic\results\graphrag\A200.json
graphrag,23,0.0,0.0,0.0,0.0,0.7302,0.6953,0.7123,0.6119,0.428,0.3388,0.1604,5.99,,,,,E:\legal-graph-kb\experiments\02_logic_lm_hyde_semantic\results\graphrag\A23.json
graphrag,24,0.0,0.0,0.0,0.0,0.6319,0.6178,0.6247,0.5331,0.2505,0.3025,0.0091,3.51,,,,,E:\legal-graph-kb\experiments\02_logic_lm_hyde_semantic\results\graphrag\A24.json
graphrag,25,0.0,0.0,0.0,,0.7149,0.6432,0.6771,0.4586,0.2819,0.3018,0.0367,5.74,,,,,E:\legal-graph-kb\experiments\02_logic_lm_hyde_semantic\results\graphrag\A25.json
graphrag,27,0.0,0.0,0.0,0.0,0.613,0.5445,0.5768,0.2164,0.0588,0.1579,0.0001,2.22,,,,,E:\legal-graph-kb\experiments\02_logic_lm_hyde_semantic\results\graphrag\A27.json
graphrag,29,0.0,0.0,0.0,0.0,0.7156,0.6593,0.6863,0.4383,0.1925,0.2654,0.0154,2.56,,,,,E:\legal-graph-kb\experiments\02_logic_lm_hyde_semantic\results\graphrag\A29.json
graphrag,36,0.0,0.0,0.0,0.0,0.8131,0.787,0.7998,0.7306,0.5069,0.4475,0.3334,3.81,,,,,E:\legal-graph-kb\experiments\02_logic_lm_hyde_semantic\results\graphrag\A36.json
graphrag,40,0.0,0.0,0.0,0.0,0.6828,0.6514,0.6667,0.5455,0.2054,0.3209,0.0212,2.47,,,,,E:\legal-graph-kb\experiments\02_logic_lm_hyde_semantic\results\graphrag\A40.json
graphrag,41,0.0,0.0,0.0,0.0,0.6604,0.6663,0.6633,0.5669,0.1587,0.2677,0.0249,2.44,,,,,E:\legal-graph-kb\experiments\02_logic_lm_hyde_semantic\results\graphrag\A41.json
graphrag,51,0.0,0.0,0.0,0.0,0.6896,0.6726,0.681,0.5093,0.2056,0.2963,0.024,1.86,,,,,E:\legal-graph-kb\experiments\02_logic_lm_hyde_semantic\results\graphrag\A51.json
graphrag,56,0.0,0.0,0.0,0.0,0.6469,0.6736,0.66,0.672,0.3271,0.3413,0.0842,3.77,,,,,E:\legal-graph-kb\experiments\02_logic_lm_hyde_semantic\results\graphrag\A56.json
graphrag,57,0.0,0.0,0.0,0.0,0.6668,0.648,0.6572,0.4878,0.1475,0.2358,0.0068,2.1,,,,,E:\legal-graph-kb\experiments\02_logic_lm_hyde_semantic\results\graphrag\A57.json
graphrag,58,0.0,0.0,0.0,0.0,0.6731,0.6797,0.6764,0.5891,0.2051,0.2764,0.0424,2.82,,,,,E:\legal-graph-kb\experiments\02_logic_lm_hyde_semantic\results\graphrag\A58.json
graphrag,60,0.0,0.0,0.0,,0.6608,0.6451,0.6529,0.556,0.2678,0.2739,0.0623,3.0,,,,,E:\legal-graph-kb\experiments\02_logic_lm_hyde_semantic\results\graphrag\A60.json
graphrag,63,0.0,0.0,0.0,0.0,0.6723,0.6766,0.6744,0.6639,0.2008,0.3237,0.029,2.3,,,,,E:\legal-graph-kb\experiments\02_logic_lm_hyde_semantic\results\graphrag\A63.json
graphrag,68,0.0,0.0,0.0,0.0,0.6773,0.676,0.6767,0.7197,0.211,0.2929,0.0168,2.71,,,,,E:\legal-graph-kb\experiments\02_logic_lm_hyde_semantic\results\graphrag\A68.json
graphrag,7,0.0,0.0,0.0,0.0,0.6542,0.5589,0.6028,0.1937,0.0632,0.1466,0.0,1.94,,,,,E:\legal-graph-kb\experiments\02_logic_lm_hyde_semantic\results\graphrag\A7.json
graphrag,71,0.0,0.0,0.0,0.0,0.6446,0.6522,0.6484,0.5244,0.0807,0.2844,0.0077,2.32,,,,,E:\legal-graph-kb\experiments\02_logic_lm_hyde_semantic\results\graphrag\A71.json
graphrag,72,0.0,0.0,0.0,0.0,0.7367,0.7387,0.7377,0.7325,0.3402,0.3704,0.1183,1.95,,,,,E:\legal-graph-kb\experiments\02_logic_lm_hyde_semantic\results\graphrag\A72.json
graphrag,8,0.0,0.0,0.0,,0.6905,0.6107,0.6482,0.2431,0.1536,0.177,0.0004,2.57,,,,,E:\legal-graph-kb\experiments\02_logic_lm_hyde_semantic\results\graphrag\A8.json
graphrag,87,0.0,0.0,0.0,0.0,0.7446,0.7689,0.7565,0.7006,0.3654,0.414,0.1873,3.19,,,,,E:\legal-graph-kb\experiments\02_logic_lm_hyde_semantic\results\graphrag\A87.json
graphrag,88,0.0,0.0,0.0,0.0,0.6624,0.6382,0.6501,0.3584,0.0819,0.2197,0.0037,1.9,,,,,E:\legal-graph-kb\experiments\02_logic_lm_hyde_semantic\results\graphrag\A88.json
graphrag,89,0.0,0.0,0.0,0.0,0.68,0.6544,0.6669,0.4375,0.1139,0.2625,0.008,1.84,,,,,E:\legal-graph-kb\experiments\02_logic_lm_hyde_semantic\results\graphrag\A89.json
graphrag,9,0.0,0.0,0.0,0.0,0.6193,0.5484,0.5817,0.1792,0.0438,0.1453,0.0,2.07,,,,,E:\legal-graph-kb\experiments\02_logic_lm_hyde_semantic\results\graphrag\A9.json
graphrag,92,0.0,0.0,0.0,0.0,0.6524,0.6437,0.648,0.5128,0.1919,0.3004,0.0144,3.02,,,,,E:\legal-graph-kb\experiments\02_logic_lm_hyde_semantic\results\graphrag\A92.json
graphrag,99,0.0,0.0,0.0,0.0,0.6383,0.6189,0.6284,0.3735,0.061,0.241,0.005,2.04,,,,,E:\legal-graph-kb\experiments\02_logic_lm_hyde_semantic\results\graphrag\A99.json
llm_only,109,0.0,0.0,0.0,1.0,0.7483,0.7417,0.745,0.692,0.3149,0.4051,0.1073,2.418,,,,,E:\legal-graph-kb\experiments\02_logic_lm_hyde_semantic\results\llm_only\A109.json
llm_only,110,0.0,0.0,0.0,,0.6483,0.6628,0.6555,0.4859,0.233,0.2881,0.0192,3.158,,,,,E:\legal-graph-kb\experiments\02_logic_lm_hyde_semantic\results\llm_only\A110.json
llm_only,116,0.0,0.0,0.0,,0.6777,0.6949,0.6862,0.4813,0.2097,0.262,0.033,3.268,,,,,E:\legal-graph-kb\experiments\02_logic_lm_hyde_semantic\results\llm_only\A116.json
llm_only,119,0.0,0.0,0.0,,0.7051,0.7516,0.7276,0.6223,0.3316,0.3138,0.0335,2.645,,,,,E:\legal-graph-kb\experiments\02_logic_lm_hyde_semantic\results\llm_only\A119.json
llm_only,12,0.0,0.0,0.0,,0.6856,0.6568,0.6709,0.4963,0.377,0.2971,0.0464,6.078,,,,,E:\legal-graph-kb\experiments\02_logic_lm_hyde_semantic\results\llm_only\A12.json
llm_only,131,0.0,0.0,0.0,,0.736,0.7575,0.7466,0.5894,0.2733,0.3046,0.0545,2.442,,,,,E:\legal-graph-kb\experiments\02_logic_lm_hyde_semantic\results\llm_only\A131.json
llm_only,139,0.0,0.0,0.0,,0.6719,0.7343,0.7017,0.459,0.1835,0.2717,0.0137,4.114,,,,,E:\legal-graph-kb\experiments\02_logic_lm_hyde_semantic\results\llm_only\A139.json
llm_only,141,0.0,0.0,0.0,,0.6988,0.7146,0.7067,0.5568,0.2011,0.2973,0.0295,2.932,,,,,E:\legal-graph-kb\experiments\02_logic_lm_hyde_semantic\results\llm_only\A141.json
llm_only,145,0.0,0.0,0.0,1.0,0.6977,0.683,0.6903,0.5674,0.1596,0.2791,0.0216,2.157,,,,,E:\legal-graph-kb\experiments\02_logic_lm_hyde_semantic\results\llm_only\A145.json
llm_only,152,0.0,0.0,0.0,,0.6815,0.7441,0.7114,0.4622,0.2411,0.3022,0.0645,4.087,,,,,E:\legal-graph-kb\experiments\02_logic_lm_hyde_semantic\results\llm_only\A152.json
llm_only,153,0.0,0.0,0.0,,0.6415,0.6877,0.6638,0.4806,0.2488,0.2816,0.0233,3.992,,,,,E:\legal-graph-kb\experiments\02_logic_lm_hyde_semantic\results\llm_only\A153.json
llm_only,156,0.0,0.0,0.0,,0.7141,0.7342,0.724,0.6029,0.2974,0.3478,0.0611,2.553,,,,,E:\legal-graph-kb\experiments\02_logic_lm_hyde_semantic\results\llm_only\A156.json
llm_only,165,0.0,0.0,0.0,1.0,0.7112,0.7261,0.7186,0.5256,0.2839,0.3397,0.0801,3.265,,,,,E:\legal-graph-kb\experiments\02_logic_lm_hyde_semantic\results\llm_only\A165.json
llm_only,168,0.0,0.0,0.0,,0.7121,0.7569,0.7338,0.525,0.2864,0.31,0.0932,3.274,,,,,E:\legal-graph-kb\experiments\02_logic_lm_hyde_semantic\results\llm_only\A168.json
llm_only,171,0.0,0.0,0.0,,0.7197,0.7589,0.7388,0.6367,0.3698,0.427,0.1347,2.541,,,,,E:\legal-graph-kb\experiments\02_logic_lm_hyde_semantic\results\llm_only\A171.json
llm_only,176,0.0,0.0,0.0,,0.6719,0.6979,0.6847,0.5579,0.2963,0.3421,0.0605,2.658,,,,,E:\legal-graph-kb\experiments\02_logic_lm_hyde_semantic\results\llm_only\A176.json
llm_only,184,0.0,0.0,0.0,,0.7208,0.7213,0.721,0.5751,0.2186,0.2939,0.0175,2.248,,,,,E:\legal-graph-kb\experiments\02_logic_lm_hyde_semantic\results\llm_only\A184.json
llm_only,185,0.0,0.0,0.0,,0.6755,0.7252,0.6995,0.5455,0.188,0.2701,0.024,5.009,,,,,E:\legal-graph-kb\experiments\02_logic_lm_hyde_semantic\results\llm_only\A185.json
llm_only,188,0.0,0.0,0.0,,0.6993,0.7451,0.7215,0.5063,0.2138,0.2938,0.0447,2.76,,,,,E:\legal-graph-kb\experiments\02_logic_lm_hyde_semantic\results\llm_only\A188.json
llm_only,191,0.0,0.0,0.0,,0.7168,0.762,0.7387,0.5269,0.2831,0.3593,0.1105,2.58,,,,,E:\legal-graph-kb\experiments\02_logic_lm_hyde_semantic\results\llm_only\A191.json
llm_only,192,0.0,0.0,0.0,,0.6265,0.6759,0.6503,0.4806,0.2101,0.2597,0.0333,5.564,,,,,E:\legal-graph-kb\experiments\02_logic_lm_hyde_semantic\results\llm_only\A192.json
llm_only,193,0.0,0.0,0.0,,0.769,0.7362,0.7523,0.6848,0.3451,0.4202,0.0981,1.742,,,,,E:\legal-graph-kb\experiments\02_logic_lm_hyde_semantic\results\llm_only\A193.json
llm_only,194,0.0,0.0,0.0,,0.7372,0.7576,0.7473,0.5882,0.2578,0.3322,0.0723,2.861,,,,,E:\legal-graph-kb\experiments\02_logic_lm_hyde_semantic\results\llm_only\A194.json
llm_only,2,0.0,0.0,0.0,1.0,0.7068,0.7664,0.7354,0.4569,0.25,0.3096,0.0876,4.443,,,,,E:\legal-graph-kb\experiments\02_logic_lm_hyde_semantic\results\llm_only\A2.json
llm_only,200,0.0,0.0,0.0,1.0,0.7639,0.7426,0.7531,0.6787,0.3345,0.3466,0.0679,3.041,,,,,E:\legal-graph-kb\experiments\02_logic_lm_hyde_semantic\results\llm_only\A200.json
llm_only,23,0.0,0.0,0.0,,0.7691,0.7249,0.7464,0.6802,0.4131,0.3545,0.1668,6.218,,,,,E:\legal-graph-kb\experiments\02_logic_lm_hyde_semantic\results\llm_only\A23.json
llm_only,24,0.0,0.0,0.0,,0.7618,0.6864,0.7221,0.5588,0.3404,0.3622,0.0828,2.775,,,,,E:\legal-graph-kb\experiments\02_logic_lm_hyde_semantic\results\llm_only\A24.json
llm_only,25,0.0,0.0,0.0,1.0,0.7421,0.6442,0.6897,0.3994,0.225,0.2611,0.0326,2.567,,,,,E:\legal-graph-kb\experiments\02_logic_lm_hyde_semantic\results\llm_only\A25.json
llm_only,27,0.0,0.0,0.0,,0.7599,0.7604,0.7602,0.6989,0.3321,0.3643,0.1721,4.001,,,,,E:\legal-graph-kb\experiments\02_logic_lm_hyde_semantic\results\llm_only\A27.json
llm_only,29,0.0,0.0,0.0,,0.7022,0.642,0.6708,0.6683,0.2638,0.3055,0.0561,2.18,,,,,E:\legal-graph-kb\experiments\02_logic_lm_hyde_semantic\results\llm_only\A29.json
llm_only,36,0.0,0.0,0.0,1.0,0.7706,0.7713,0.7709,0.7216,0.4506,0.4078,0.2087,2.318,,,,,E:\legal-graph-kb\experiments\02_logic_lm_hyde_semantic\results\llm_only\A36.json
llm_only,40,0.0,0.0,0.0,,0.7339,0.7621,0.7477,0.4967,0.2361,0.2882,0.0961,46.246,,,,,E:\legal-graph-kb\experiments\02_logic_lm_hyde_semantic\results\llm_only\A40.json
llm_only,41,0.0,0.0,0.0,1.0,0.7477,0.7784,0.7627,0.5357,0.3026,0.301,0.1001,4.421,,,,,E:\legal-graph-kb\experiments\02_logic_lm_hyde_semantic\results\llm_only\A41.json
llm_only,51,0.0,0.0,0.0,,0.7081,0.7356,0.7216,0.6043,0.3325,0.3453,0.0168,4.001,,,,,E:\legal-graph-kb\experiments\02_logic_lm_hyde_semantic\results\llm_only\A51.json
llm_only,56,0.0,0.0,0.0,1.0,0.6876,0.7072,0.6973,0.6311,0.375,0.3422,0.0748,3.263,,,,,E:\legal-graph-kb\experiments\02_logic_lm_hyde_semantic\results\llm_only\A56.json
llm_only,57,0.0,0.0,0.0,,0.7142,0.7442,0.7289,0.6712,0.3394,0.3559,0.0547,3.419,,,,,E:\legal-graph-kb\experiments\02_logic_lm_hyde_semantic\results\llm_only\A57.json
llm_only,58,0.0,0.0,0.0,,0.7041,0.7524,0.7275,0.5956,0.2692,0.306,0.0618,3.543,,,,,E:\legal-graph-kb\experiments\02_logic_lm_hyde_semantic\results\llm_only\A58.json
llm_only,60,0.0,0.0,0.0,1.0,0.6981,0.7454,0.721,0.5914,0.3052,0.345,0.0953,4.899,,,,,E:\legal-graph-kb\experiments\02_logic_lm_hyde_semantic\results\llm_only\A60.json
llm_only,63,0.0,0.0,0.0,,0.7205,0.7312,0.7258,0.5261,0.3098,0.2948,0.0415,3.312,,,,,E:\legal-graph-kb\experiments\02_logic_lm_hyde_semantic\results\llm_only\A63.json
llm_only,68,0.0,0.0,0.0,1.0,0.6743,0.7287,0.7004,0.4448,0.2145,0.269,0.0425,7.225,,,,,E:\legal-graph-kb\experiments\02_logic_lm_hyde_semantic\results\llm_only\A68.json
llm_only,7,0.0,0.0,0.0,,0.797,0.7337,0.764,0.6771,0.3624,0.4028,0.2258,3.214,,,,,E:\legal-graph-kb\experiments\02_logic_lm_hyde_semantic\results\llm_only\A7.json
llm_only,71,0.0,0.0,0.0,,0.7236,0.7226,0.7231,0.5994,0.2866,0.3323,0.0775,2.534,,,,,E:\legal-graph-kb\experiments\02_logic_lm_hyde_semantic\results\llm_only\A71.json
llm_only,72,0.0,0.0,0.0,1.0,0.7395,0.7296,0.7345,0.724,0.3032,0.3513,0.0845,2.585,,,,,E:\legal-graph-kb\experiments\02_logic_lm_hyde_semantic\results\llm_only\A72.json
llm_only,8,0.0,0.0,0.0,1.0,0.742,0.6937,0.7171,0.5101,0.3543,0.34,0.0531,2.827,,,,,E:\legal-graph-kb\experiments\02_logic_lm_hyde_semantic\results\llm_only\A8.json
llm_only,87,0.0,0.0,0.0,1.0,0.7472,0.7798,0.7631,0.5662,0.3394,0.3532,0.0986,4.793,,,,,E:\legal-graph-kb\experiments\02_logic_lm_hyde_semantic\results\llm_only\A87.json
llm_only,88,0.0,0.0,0.0,,0.707,0.7249,0.7159,0.5538,0.2595,0.2849,0.0464,3.158,,,,,E:\legal-graph-kb\experiments\02_logic_lm_hyde_semantic\results\llm_only\A88.json
llm_only,89,0.0,0.0,0.0,,0.7187,0.7546,0.7362,0.5646,0.3024,0.3325,0.0686,3.992,,,,,E:\legal-graph-kb\experiments\02_logic_lm_hyde_semantic\results\llm_only\A89.json
llm_only,9,0.0,0.0,0.0,,0.7573,0.7327,0.7448,0.6936,0.3869,0.3826,0.1594,3.532,,,,,E:\legal-graph-kb\experiments\02_logic_lm_hyde_semantic\results\llm_only\A9.json
llm_only,92,0.0,0.0,0.0,,0.6368,0.6567,0.6466,0.5466,0.2979,0.3178,0.0488,2.989,,,,,E:\legal-graph-kb\experiments\02_logic_lm_hyde_semantic\results\llm_only\A92.json
llm_only,99,0.0,0.0,0.0,,0.6967,0.7032,0.6999,0.5909,0.2743,0.2898,0.0472,2.451,,,,,E:\legal-graph-kb\experiments\02_logic_lm_hyde_semantic\results\llm_only\A99.json
