arm,stt,citation_recall,citation_precision,citation_f1,citation_display_rate,bertscore_p,bertscore_r,bertscore_f1,latency_s,prolog_first_try_solution,repair_invoked,repair_success,pred_citation_parse_errors,record_path
graphrag_cypher,1,0.0,0.0,0.0,0.0,0.7263,0.6719,0.698,16.75,,,,,E:\legal-graph-kb\experiments\11_graphrag_cypher\results\graphrag_cypher\A1.json
graphrag_cypher,10,0.0,0.0,0.0,0.0,0.7553,0.6886,0.7204,7.71,,,,,E:\legal-graph-kb\experiments\11_graphrag_cypher\results\graphrag_cypher\A10.json
graphrag_cypher,11,0.0,0.0,0.0,0.0,0.7643,0.6479,0.7013,5.61,,,,,E:\legal-graph-kb\experiments\11_graphrag_cypher\results\graphrag_cypher\A11.json
graphrag_cypher,12,0.0,0.0,0.0,0.0,0.673,0.6534,0.6631,7.32,,,,,E:\legal-graph-kb\experiments\11_graphrag_cypher\results\graphrag_cypher\A12.json
graphrag_cypher,13,0.0,0.0,0.0,,0.7005,0.6648,0.6822,11.95,,,,,E:\legal-graph-kb\experiments\11_graphrag_cypher\results\graphrag_cypher\A13.json
graphrag_cypher,14,0.0,0.0,0.0,,0.6722,0.593,0.6301,4.81,,,,,E:\legal-graph-kb\experiments\11_graphrag_cypher\results\graphrag_cypher\A14.json
graphrag_cypher,15,0.0,0.0,0.0,0.0,0.7224,0.6444,0.6812,7.31,,,,,E:\legal-graph-kb\experiments\11_graphrag_cypher\results\graphrag_cypher\A15.json
graphrag_cypher,16,0.0,0.0,0.0,0.0,0.705,0.6028,0.6499,7.18,,,,,E:\legal-graph-kb\experiments\11_graphrag_cypher\results\graphrag_cypher\A16.json
graphrag_cypher,17,0.0,0.0,0.0,0.0,0.7448,0.6771,0.7093,10.21,,,,,E:\legal-graph-kb\experiments\11_graphrag_cypher\results\graphrag_cypher\A17.json
graphrag_cypher,18,0.0,0.0,0.0,0.0,0.7288,0.7109,0.7198,8.99,,,,,E:\legal-graph-kb\experiments\11_graphrag_cypher\results\graphrag_cypher\A18.json
graphrag_cypher,19,0.0,0.0,0.0,0.0,0.6875,0.6327,0.659,6.08,,,,,E:\legal-graph-kb\experiments\11_graphrag_cypher\results\graphrag_cypher\A19.json
graphrag_cypher,2,0.0,0.0,0.0,0.0,0.7169,0.7674,0.7413,10.85,,,,,E:\legal-graph-kb\experiments\11_graphrag_cypher\results\graphrag_cypher\A2.json
graphrag_cypher,20,0.0,0.0,0.0,0.0,0.7419,0.7088,0.725,5.14,,,,,E:\legal-graph-kb\experiments\11_graphrag_cypher\results\graphrag_cypher\A20.json
graphrag_cypher,21,0.0,0.0,0.0,0.0,0.7055,0.7387,0.7218,4.95,,,,,E:\legal-graph-kb\experiments\11_graphrag_cypher\results\graphrag_cypher\A21.json
graphrag_cypher,22,0.0,0.0,0.0,0.0,0.7511,0.702,0.7257,8.53,,,,,E:\legal-graph-kb\experiments\11_graphrag_cypher\results\graphrag_cypher\A22.json
graphrag_cypher,23,0.0,0.0,0.0,0.0,0.7409,0.6946,0.717,10.9,,,,,E:\legal-graph-kb\experiments\11_graphrag_cypher\results\graphrag_cypher\A23.json
graphrag_cypher,24,0.0,0.0,0.0,0.0,0.7193,0.6684,0.6929,9.72,,,,,E:\legal-graph-kb\experiments\11_graphrag_cypher\results\graphrag_cypher\A24.json
graphrag_cypher,25,0.0,0.0,0.0,0.0,0.7229,0.6336,0.6753,19.06,,,,,E:\legal-graph-kb\experiments\11_graphrag_cypher\results\graphrag_cypher\A25.json
graphrag_cypher,26,0.0,0.0,0.0,,0.6746,0.6335,0.6534,4.4,,,,,E:\legal-graph-kb\experiments\11_graphrag_cypher\results\graphrag_cypher\A26.json
graphrag_cypher,27,0.0,0.0,0.0,0.0,0.762,0.7586,0.7603,6.37,,,,,E:\legal-graph-kb\experiments\11_graphrag_cypher\results\graphrag_cypher\A27.json
graphrag_cypher,28,0.0,0.0,0.0,0.0,0.7266,0.6778,0.7014,7.28,,,,,E:\legal-graph-kb\experiments\11_graphrag_cypher\results\graphrag_cypher\A28.json
graphrag_cypher,29,0.0,0.0,0.0,0.0,0.7731,0.7125,0.7416,6.14,,,,,E:\legal-graph-kb\experiments\11_graphrag_cypher\results\graphrag_cypher\A29.json
graphrag_cypher,3,0.0,0.0,0.0,0.0,0.7652,0.6999,0.7311,7.09,,,,,E:\legal-graph-kb\experiments\11_graphrag_cypher\results\graphrag_cypher\A3.json
graphrag_cypher,30,0.0,0.0,0.0,0.0,0.755,0.7481,0.7515,6.55,,,,,E:\legal-graph-kb\experiments\11_graphrag_cypher\results\graphrag_cypher\A30.json
graphrag_cypher,31,0.0,0.0,0.0,0.0,0.7485,0.7564,0.7524,10.42,,,,,E:\legal-graph-kb\experiments\11_graphrag_cypher\results\graphrag_cypher\A31.json
graphrag_cypher,32,0.0,0.0,0.0,0.0,0.7741,0.7195,0.7458,6.41,,,,,E:\legal-graph-kb\experiments\11_graphrag_cypher\results\graphrag_cypher\A32.json
graphrag_cypher,33,0.0,0.0,0.0,0.0,0.7821,0.7339,0.7572,9.98,,,,,E:\legal-graph-kb\experiments\11_graphrag_cypher\results\graphrag_cypher\A33.json
graphrag_cypher,34,0.0,0.0,0.0,0.0,0.7039,0.6368,0.6687,5.26,,,,,E:\legal-graph-kb\experiments\11_graphrag_cypher\results\graphrag_cypher\A34.json
graphrag_cypher,35,0.0,0.0,0.0,0.0,0.7196,0.7656,0.7419,11.51,,,,,E:\legal-graph-kb\experiments\11_graphrag_cypher\results\graphrag_cypher\A35.json
graphrag_cypher,36,0.0,0.0,0.0,0.0,0.8155,0.8052,0.8103,7.25,,,,,E:\legal-graph-kb\experiments\11_graphrag_cypher\results\graphrag_cypher\A36.json
graphrag_cypher,37,0.0,0.0,0.0,0.0,0.6631,0.7141,0.6876,12.7,,,,,E:\legal-graph-kb\experiments\11_graphrag_cypher\results\graphrag_cypher\A37.json
graphrag_cypher,38,0.0,0.0,0.0,0.0,0.6432,0.692,0.6667,8.26,,,,,E:\legal-graph-kb\experiments\11_graphrag_cypher\results\graphrag_cypher\A38.json
graphrag_cypher,39,0.0,0.0,0.0,0.0,0.7496,0.7478,0.7487,5.95,,,,,E:\legal-graph-kb\experiments\11_graphrag_cypher\results\graphrag_cypher\A39.json
graphrag_cypher,4,0.0,0.0,0.0,,0.687,0.6306,0.6576,13.94,,,,,E:\legal-graph-kb\experiments\11_graphrag_cypher\results\graphrag_cypher\A4.json
graphrag_cypher,40,0.0,0.0,0.0,0.0,0.7804,0.7747,0.7776,8.07,,,,,E:\legal-graph-kb\experiments\11_graphrag_cypher\results\graphrag_cypher\A40.json
graphrag_cypher,41,0.0,0.0,0.0,0.0,0.7511,0.7761,0.7634,8.26,,,,,E:\legal-graph-kb\experiments\11_graphrag_cypher\results\graphrag_cypher\A41.json
graphrag_cypher,42,0.0,0.0,0.0,0.0,0.7065,0.7334,0.7197,7.38,,,,,E:\legal-graph-kb\experiments\11_graphrag_cypher\results\graphrag_cypher\A42.json
graphrag_cypher,43,0.0,0.0,0.0,0.0,0.6843,0.7044,0.6942,9.6,,,,,E:\legal-graph-kb\experiments\11_graphrag_cypher\results\graphrag_cypher\A43.json
graphrag_cypher,44,0.0,0.0,0.0,0.0,0.704,0.6921,0.698,5.19,,,,,E:\legal-graph-kb\experiments\11_graphrag_cypher\results\graphrag_cypher\A44.json
graphrag_cypher,45,0.0,0.0,0.0,0.0,0.6651,0.7132,0.6883,11.29,,,,,E:\legal-graph-kb\experiments\11_graphrag_cypher\results\graphrag_cypher\A45.json
graphrag_cypher,46,0.0,0.0,0.0,,0.6476,0.6466,0.6471,10.25,,,,,E:\legal-graph-kb\experiments\11_graphrag_cypher\results\graphrag_cypher\A46.json
graphrag_cypher,47,0.0,0.0,0.0,0.0,0.6946,0.726,0.71,7.73,,,,,E:\legal-graph-kb\experiments\11_graphrag_cypher\results\graphrag_cypher\A47.json
graphrag_cypher,48,0.0,0.0,0.0,0.0,0.7733,0.7433,0.758,5.29,,,,,E:\legal-graph-kb\experiments\11_graphrag_cypher\results\graphrag_cypher\A48.json
graphrag_cypher,49,0.0,0.0,0.0,0.0,0.7023,0.724,0.713,7.33,,,,,E:\legal-graph-kb\experiments\11_graphrag_cypher\results\graphrag_cypher\A49.json
graphrag_cypher,5,0.0,0.0,0.0,0.0,0.6974,0.6582,0.6772,11.75,,,,,E:\legal-graph-kb\experiments\11_graphrag_cypher\results\graphrag_cypher\A5.json
graphrag_cypher,50,0.0,0.0,0.0,0.0,0.72,0.6912,0.7053,10.43,,,,,E:\legal-graph-kb\experiments\11_graphrag_cypher\results\graphrag_cypher\A50.json
graphrag_cypher,6,0.0,0.0,0.0,0.0,0.7312,0.6588,0.6931,9.83,,,,,E:\legal-graph-kb\experiments\11_graphrag_cypher\results\graphrag_cypher\A6.json
graphrag_cypher,7,0.0,0.0,0.0,0.0,0.7826,0.7183,0.7491,8.48,,,,,E:\legal-graph-kb\experiments\11_graphrag_cypher\results\graphrag_cypher\A7.json
graphrag_cypher,8,0.0,0.0,0.0,,0.6897,0.6422,0.6651,9.52,,,,,E:\legal-graph-kb\experiments\11_graphrag_cypher\results\graphrag_cypher\A8.json
graphrag_cypher,9,0.0,0.0,0.0,0.0,0.7732,0.7046,0.7373,6.06,,,,,E:\legal-graph-kb\experiments\11_graphrag_cypher\results\graphrag_cypher\A9.json
graphrag,1,0.0,0.0,0.0,0.0,0.7488,0.6812,0.7134,9.22,,,,,E:\legal-graph-kb\experiments\01_initial_eval\results\graphrag\A1.json
graphrag,10,0.0,0.0,0.0,0.0,0.7603,0.6941,0.7257,6.19,,,,,E:\legal-graph-kb\experiments\01_initial_eval\results\graphrag\A10.json
graphrag,100,0.0,0.0,0.0,0.0,0.6809,0.6721,0.6765,4.14,,,,,E:\legal-graph-kb\experiments\01_initial_eval\results\graphrag\A100.json
graphrag,101,0.0,0.0,0.0,0.0,0.694,0.6859,0.6899,3.21,,,,,E:\legal-graph-kb\experiments\01_initial_eval\results\graphrag\A101.json
graphrag,102,0.0,0.0,0.0,,0.666,0.6816,0.6737,4.09,,,,,E:\legal-graph-kb\experiments\01_initial_eval\results\graphrag\A102.json
graphrag,103,0.0,0.0,0.0,,0.6437,0.6278,0.6356,4.98,,,,,E:\legal-graph-kb\experiments\01_initial_eval\results\graphrag\A103.json
graphrag,104,0.0,0.0,0.0,0.0,0.6596,0.6586,0.6591,3.1,,,,,E:\legal-graph-kb\experiments\01_initial_eval\results\graphrag\A104.json
graphrag,105,0.0,0.0,0.0,0.0,0.6515,0.6463,0.6489,3.53,,,,,E:\legal-graph-kb\experiments\01_initial_eval\results\graphrag\A105.json
graphrag,106,0.0,0.0,0.0,,0.6136,0.6363,0.6248,2.42,,,,,E:\legal-graph-kb\experiments\01_initial_eval\results\graphrag\A106.json
graphrag,107,0.0,0.0,0.0,0.0,0.6705,0.6643,0.6674,3.53,,,,,E:\legal-graph-kb\experiments\01_initial_eval\results\graphrag\A107.json
graphrag,108,0.0,0.0,0.0,0.0,0.6495,0.6267,0.6379,2.5,,,,,E:\legal-graph-kb\experiments\01_initial_eval\results\graphrag\A108.json
graphrag,109,0.0,0.0,0.0,0.0,0.7077,0.7144,0.711,6.22,,,,,E:\legal-graph-kb\experiments\01_initial_eval\results\graphrag\A109.json
graphrag,11,0.0,0.0,0.0,0.0,0.7659,0.6486,0.7024,4.18,,,,,E:\legal-graph-kb\experiments\01_initial_eval\results\graphrag\A11.json
graphrag,110,0.0,0.0,0.0,0.0,0.6519,0.6042,0.6271,2.42,,,,,E:\legal-graph-kb\experiments\01_initial_eval\results\graphrag\A110.json
graphrag,111,0.0,0.0,0.0,,0.6785,0.6758,0.6772,2.77,,,,,E:\legal-graph-kb\experiments\01_initial_eval\results\graphrag\A111.json
graphrag,112,0.0,0.0,0.0,0.0,0.6768,0.662,0.6694,2.6,,,,,E:\legal-graph-kb\experiments\01_initial_eval\results\graphrag\A112.json
graphrag,113,0.0,0.0,0.0,0.0,0.6592,0.6623,0.6608,3.74,,,,,E:\legal-graph-kb\experiments\01_initial_eval\results\graphrag\A113.json
graphrag,114,0.0,0.0,0.0,0.0,0.6472,0.6371,0.6421,2.66,,,,,E:\legal-graph-kb\experiments\01_initial_eval\results\graphrag\A114.json
graphrag,115,0.0,0.0,0.0,0.0,0.6442,0.6325,0.6383,2.41,,,,,E:\legal-graph-kb\experiments\01_initial_eval\results\graphrag\A115.json
graphrag,116,0.0,0.0,0.0,0.0,0.6605,0.643,0.6516,9.3,,,,,E:\legal-graph-kb\experiments\01_initial_eval\results\graphrag\A116.json
graphrag,117,0.0,0.0,0.0,0.0,0.6619,0.6343,0.6478,2.93,,,,,E:\legal-graph-kb\experiments\01_initial_eval\results\graphrag\A117.json
graphrag,118,0.0,0.0,0.0,0.0,0.6318,0.6412,0.6365,3.87,,,,,E:\legal-graph-kb\experiments\01_initial_eval\results\graphrag\A118.json
graphrag,119,0.0,0.0,0.0,0.0,0.7078,0.6994,0.7036,3.64,,,,,E:\legal-graph-kb\experiments\01_initial_eval\results\graphrag\A119.json
graphrag,12,0.0,0.0,0.0,,0.6552,0.604,0.6285,10.76,,,,,E:\legal-graph-kb\experiments\01_initial_eval\results\graphrag\A12.json
graphrag,120,0.0,0.0,0.0,0.0,0.7014,0.701,0.7012,3.15,,,,,E:\legal-graph-kb\experiments\01_initial_eval\results\graphrag\A120.json
graphrag,121,0.0,0.0,0.0,0.0,0.6549,0.6283,0.6413,2.48,,,,,E:\legal-graph-kb\experiments\01_initial_eval\results\graphrag\A121.json
graphrag,122,0.0,0.0,0.0,0.0,0.6459,0.6381,0.642,3.09,,,,,E:\legal-graph-kb\experiments\01_initial_eval\results\graphrag\A122.json
graphrag,123,0.0,0.0,0.0,,0.6743,0.6816,0.6779,4.6,,,,,E:\legal-graph-kb\experiments\01_initial_eval\results\graphrag\A123.json
graphrag,124,0.0,0.0,0.0,0.0,0.6514,0.6538,0.6526,6.39,,,,,E:\legal-graph-kb\experiments\01_initial_eval\results\graphrag\A124.json
graphrag,125,0.0,0.0,0.0,0.0,0.6585,0.6497,0.6541,4.59,,,,,E:\legal-graph-kb\experiments\01_initial_eval\results\graphrag\A125.json
graphrag,126,0.0,0.0,0.0,0.0,0.7047,0.7391,0.7215,8.33,,,,,E:\legal-graph-kb\experiments\01_initial_eval\results\graphrag\A126.json
graphrag,127,0.0,0.0,0.0,0.0,0.7048,0.7197,0.7122,8.65,,,,,E:\legal-graph-kb\experiments\01_initial_eval\results\graphrag\A127.json
graphrag,128,0.0,0.0,0.0,0.0,0.7092,0.7132,0.7112,5.42,,,,,E:\legal-graph-kb\experiments\01_initial_eval\results\graphrag\A128.json
graphrag,129,0.0,0.0,0.0,,0.6715,0.6936,0.6824,8.45,,,,,E:\legal-graph-kb\experiments\01_initial_eval\results\graphrag\A129.json
graphrag,13,0.0,0.0,0.0,0.0,0.709,0.6616,0.6845,7.25,,,,,E:\legal-graph-kb\experiments\01_initial_eval\results\graphrag\A13.json
graphrag,130,0.0,0.0,0.0,0.0,0.6356,0.6532,0.6443,6.08,,,,,E:\legal-graph-kb\experiments\01_initial_eval\results\graphrag\A130.json
graphrag,131,0.0,0.0,0.0,,0.6676,0.6803,0.6739,3.97,,,,,E:\legal-graph-kb\experiments\01_initial_eval\results\graphrag\A131.json
graphrag,132,0.0,0.0,0.0,0.0,0.6607,0.6708,0.6657,5.12,,,,,E:\legal-graph-kb\experiments\01_initial_eval\results\graphrag\A132.json
graphrag,133,0.0,0.0,0.0,,0.6517,0.6442,0.6479,3.05,,,,,E:\legal-graph-kb\experiments\01_initial_eval\results\graphrag\A133.json
graphrag,134,0.0,0.0,0.0,0.0,0.6615,0.6752,0.6683,7.55,,,,,E:\legal-graph-kb\experiments\01_initial_eval\results\graphrag\A134.json
graphrag,135,0.0,0.0,0.0,0.0,0.7713,0.7487,0.7598,3.58,,,,,E:\legal-graph-kb\experiments\01_initial_eval\results\graphrag\A135.json
graphrag,136,0.0,0.0,0.0,0.0,0.7044,0.6872,0.6957,5.47,,,,,E:\legal-graph-kb\experiments\01_initial_eval\results\graphrag\A136.json
graphrag,137,0.0,0.0,0.0,0.0,0.665,0.6843,0.6745,4.88,,,,,E:\legal-graph-kb\experiments\01_initial_eval\results\graphrag\A137.json
graphrag,138,0.0,0.0,0.0,0.0,0.6787,0.7319,0.7043,9.9,,,,,E:\legal-graph-kb\experiments\01_initial_eval\results\graphrag\A138.json
graphrag,139,0.0,0.0,0.0,0.0,0.6624,0.6525,0.6574,3.71,,,,,E:\legal-graph-kb\experiments\01_initial_eval\results\graphrag\A139.json
graphrag,14,0.0,0.0,0.0,0.0,0.6603,0.5665,0.6099,3.2,,,,,E:\legal-graph-kb\experiments\01_initial_eval\results\graphrag\A14.json
graphrag,140,0.0,0.0,0.0,0.0,0.7193,0.7487,0.7337,6.73,,,,,E:\legal-graph-kb\experiments\01_initial_eval\results\graphrag\A140.json
graphrag,141,0.0,0.0,0.0,0.0,0.7118,0.6974,0.7045,4.49,,,,,E:\legal-graph-kb\experiments\01_initial_eval\results\graphrag\A141.json
graphrag,142,0.0,0.0,0.0,0.0,0.6689,0.6599,0.6644,3.32,,,,,E:\legal-graph-kb\experiments\01_initial_eval\results\graphrag\A142.json
graphrag,143,0.0,0.0,0.0,0.0,0.6637,0.6728,0.6683,6.13,,,,,E:\legal-graph-kb\experiments\01_initial_eval\results\graphrag\A143.json
graphrag,144,0.0,0.0,0.0,0.0,0.7124,0.6973,0.7048,7.38,,,,,E:\legal-graph-kb\experiments\01_initial_eval\results\graphrag\A144.json
graphrag,145,0.0,0.0,0.0,0.0,0.6873,0.6893,0.6883,6.01,,,,,E:\legal-graph-kb\experiments\01_initial_eval\results\graphrag\A145.json
graphrag,146,0.0,0.0,0.0,0.0,0.6746,0.6726,0.6736,4.06,,,,,E:\legal-graph-kb\experiments\01_initial_eval\results\graphrag\A146.json
graphrag,147,0.0,0.0,0.0,0.0,0.6693,0.6569,0.663,3.17,,,,,E:\legal-graph-kb\experiments\01_initial_eval\results\graphrag\A147.json
graphrag,148,0.0,0.0,0.0,0.0,0.6801,0.6978,0.6888,6.1,,,,,E:\legal-graph-kb\experiments\01_initial_eval\results\graphrag\A148.json
graphrag,149,0.0,0.0,0.0,0.0,0.6688,0.641,0.6546,2.37,,,,,E:\legal-graph-kb\experiments\01_initial_eval\results\graphrag\A149.json
graphrag,15,0.0,0.0,0.0,0.0,0.7088,0.6092,0.6553,2.98,,,,,E:\legal-graph-kb\experiments\01_initial_eval\results\graphrag\A15.json
graphrag,150,0.0,0.0,0.0,0.0,0.6204,0.6051,0.6127,2.72,,,,,E:\legal-graph-kb\experiments\01_initial_eval\results\graphrag\A150.json
graphrag,151,0.0,0.0,0.0,0.0,0.6387,0.6168,0.6276,2.62,,,,,E:\legal-graph-kb\experiments\01_initial_eval\results\graphrag\A151.json
graphrag,152,0.0,0.0,0.0,0.0,0.655,0.6196,0.6368,3.39,,,,,E:\legal-graph-kb\experiments\01_initial_eval\results\graphrag\A152.json
graphrag,153,0.0,0.0,0.0,0.0,0.6435,0.6351,0.6393,2.61,,,,,E:\legal-graph-kb\experiments\01_initial_eval\results\graphrag\A153.json
graphrag,154,0.0,0.0,0.0,0.0,0.7262,0.7075,0.7167,4.12,,,,,E:\legal-graph-kb\experiments\01_initial_eval\results\graphrag\A154.json
graphrag,155,0.0,0.0,0.0,,0.6422,0.6628,0.6524,3.62,,,,,E:\legal-graph-kb\experiments\01_initial_eval\results\graphrag\A155.json
graphrag,156,0.0,0.0,0.0,0.0,0.6896,0.6847,0.6872,3.09,,,,,E:\legal-graph-kb\experiments\01_initial_eval\results\graphrag\A156.json
graphrag,157,0.0,0.0,0.0,0.0,0.6831,0.6658,0.6743,2.92,,,,,E:\legal-graph-kb\experiments\01_initial_eval\results\graphrag\A157.json
graphrag,158,0.0,0.0,0.0,,0.6219,0.6317,0.6268,2.96,,,,,E:\legal-graph-kb\experiments\01_initial_eval\results\graphrag\A158.json
graphrag,159,0.0,0.0,0.0,0.0,0.7181,0.7298,0.7239,3.73,,,,,E:\legal-graph-kb\experiments\01_initial_eval\results\graphrag\A159.json
graphrag,16,0.0,0.0,0.0,0.0,0.7038,0.5996,0.6475,4.42,,,,,E:\legal-graph-kb\experiments\01_initial_eval\results\graphrag\A16.json
graphrag,160,0.0,0.0,0.0,0.0,0.6433,0.6206,0.6317,2.26,,,,,E:\legal-graph-kb\experiments\01_initial_eval\results\graphrag\A160.json
graphrag,161,0.0,0.0,0.0,,0.6507,0.6604,0.6556,5.12,,,,,E:\legal-graph-kb\experiments\01_initial_eval\results\graphrag\A161.json
graphrag,162,0.0,0.0,0.0,0.0,0.6814,0.7109,0.6958,9.51,,,,,E:\legal-graph-kb\experiments\01_initial_eval\results\graphrag\A162.json
graphrag,163,0.0,0.0,0.0,0.0,0.6759,0.6926,0.6842,2.78,,,,,E:\legal-graph-kb\experiments\01_initial_eval\results\graphrag\A163.json
graphrag,164,0.0,0.0,0.0,0.0,0.6609,0.6613,0.6611,4.67,,,,,E:\legal-graph-kb\experiments\01_initial_eval\results\graphrag\A164.json
graphrag,165,0.0,0.0,0.0,0.0,0.7039,0.6812,0.6924,4.37,,,,,E:\legal-graph-kb\experiments\01_initial_eval\results\graphrag\A165.json
graphrag,166,0.0,0.0,0.0,0.0,0.6739,0.665,0.6694,4.96,,,,,E:\legal-graph-kb\experiments\01_initial_eval\results\graphrag\A166.json
graphrag,167,0.0,0.0,0.0,0.0,0.6892,0.7109,0.6999,5.12,,,,,E:\legal-graph-kb\experiments\01_initial_eval\results\graphrag\A167.json
graphrag,168,0.0,0.0,0.0,0.0,0.6482,0.6377,0.6429,2.42,,,,,E:\legal-graph-kb\experiments\01_initial_eval\results\graphrag\A168.json
graphrag,169,0.0,0.0,0.0,0.0,0.6576,0.6489,0.6532,3.8,,,,,E:\legal-graph-kb\experiments\01_initial_eval\results\graphrag\A169.json
graphrag,17,0.0,0.0,0.0,0.0,0.659,0.5854,0.62,2.78,,,,,E:\legal-graph-kb\experiments\01_initial_eval\results\graphrag\A17.json
graphrag,171,0.0,0.0,0.0,0.0,0.6477,0.6295,0.6384,2.0,,,,,E:\legal-graph-kb\experiments\01_initial_eval\results\graphrag\A171.json
graphrag,172,0.0,0.0,0.0,0.0,0.6908,0.7069,0.6988,5.11,,,,,E:\legal-graph-kb\experiments\01_initial_eval\results\graphrag\A172.json
graphrag,173,0.0,0.0,0.0,0.0,0.6536,0.6554,0.6545,3.31,,,,,E:\legal-graph-kb\experiments\01_initial_eval\results\graphrag\A173.json
graphrag,174,0.0,0.0,0.0,0.0,0.7081,0.7286,0.7182,4.83,,,,,E:\legal-graph-kb\experiments\01_initial_eval\results\graphrag\A174.json
graphrag,175,0.0,0.0,0.0,0.0,0.6596,0.647,0.6532,6.52,,,,,E:\legal-graph-kb\experiments\01_initial_eval\results\graphrag\A175.json
graphrag,176,0.0,0.0,0.0,,0.6394,0.6344,0.6369,3.16,,,,,E:\legal-graph-kb\experiments\01_initial_eval\results\graphrag\A176.json
graphrag,177,0.0,0.0,0.0,0.0,0.6644,0.66,0.6622,3.87,,,,,E:\legal-graph-kb\experiments\01_initial_eval\results\graphrag\A177.json
graphrag,178,0.0,0.0,0.0,0.0,0.6429,0.6465,0.6447,3.43,,,,,E:\legal-graph-kb\experiments\01_initial_eval\results\graphrag\A178.json
graphrag,179,0.0,0.0,0.0,0.0,0.6711,0.6978,0.6842,3.87,,,,,E:\legal-graph-kb\experiments\01_initial_eval\results\graphrag\A179.json
graphrag,18,0.0,0.0,0.0,,0.6707,0.5944,0.6302,5.43,,,,,E:\legal-graph-kb\experiments\01_initial_eval\results\graphrag\A18.json
graphrag,180,0.0,0.0,0.0,0.0,0.7015,0.7183,0.7098,6.97,,,,,E:\legal-graph-kb\experiments\01_initial_eval\results\graphrag\A180.json
graphrag,181,0.0,0.0,0.0,0.0,0.6653,0.671,0.6681,3.22,,,,,E:\legal-graph-kb\experiments\01_initial_eval\results\graphrag\A181.json
graphrag,182,0.0,0.0,0.0,0.0,0.6724,0.6764,0.6744,3.1,,,,,E:\legal-graph-kb\experiments\01_initial_eval\results\graphrag\A182.json
graphrag,183,0.0,0.0,0.0,,0.6545,0.6536,0.654,3.23,,,,,E:\legal-graph-kb\experiments\01_initial_eval\results\graphrag\A183.json
graphrag,184,0.0,0.0,0.0,0.0,0.6482,0.6527,0.6504,2.63,,,,,E:\legal-graph-kb\experiments\01_initial_eval\results\graphrag\A184.json
graphrag,185,0.0,0.0,0.0,0.0,0.6345,0.6472,0.6408,3.87,,,,,E:\legal-graph-kb\experiments\01_initial_eval\results\graphrag\A185.json
graphrag,186,0.0,0.0,0.0,0.0,0.664,0.6389,0.6512,2.21,,,,,E:\legal-graph-kb\experiments\01_initial_eval\results\graphrag\A186.json
graphrag,187,0.0,0.0,0.0,0.0,0.653,0.6471,0.65,2.73,,,,,E:\legal-graph-kb\experiments\01_initial_eval\results\graphrag\A187.json
graphrag,188,0.0,0.0,0.0,0.0,0.6504,0.6518,0.6511,3.34,,,,,E:\legal-graph-kb\experiments\01_initial_eval\results\graphrag\A188.json
graphrag,189,0.0,0.0,0.0,0.0,0.6922,0.6848,0.6885,2.86,,,,,E:\legal-graph-kb\experiments\01_initial_eval\results\graphrag\A189.json
graphrag,19,0.0,0.0,0.0,,0.6421,0.5866,0.6131,4.14,,,,,E:\legal-graph-kb\experiments\01_initial_eval\results\graphrag\A19.json
graphrag,190,0.0,0.0,0.0,0.0,0.6664,0.6542,0.6602,2.7,,,,,E:\legal-graph-kb\experiments\01_initial_eval\results\graphrag\A190.json
graphrag,191,0.0,0.0,0.0,0.0,0.7524,0.7545,0.7534,4.49,,,,,E:\legal-graph-kb\experiments\01_initial_eval\results\graphrag\A191.json
graphrag,192,0.0,0.0,0.0,0.0,0.6676,0.6618,0.6647,3.68,,,,,E:\legal-graph-kb\experiments\01_initial_eval\results\graphrag\A192.json
graphrag,193,0.0,0.0,0.0,0.0,0.7147,0.6931,0.7037,3.43,,,,,E:\legal-graph-kb\experiments\01_initial_eval\results\graphrag\A193.json
graphrag,194,0.0,0.0,0.0,0.0,0.6559,0.6406,0.6482,2.5,,,,,E:\legal-graph-kb\experiments\01_initial_eval\results\graphrag\A194.json
graphrag,195,0.0,0.0,0.0,0.0,0.6684,0.6572,0.6627,2.95,,,,,E:\legal-graph-kb\experiments\01_initial_eval\results\graphrag\A195.json
graphrag,196,0.0,0.0,0.0,0.0,0.7229,0.715,0.7189,5.46,,,,,E:\legal-graph-kb\experiments\01_initial_eval\results\graphrag\A196.json
graphrag,197,0.0,0.0,0.0,,0.6641,0.6393,0.6514,4.97,,,,,E:\legal-graph-kb\experiments\01_initial_eval\results\graphrag\A197.json
graphrag,198,0.0,0.0,0.0,0.0,0.6654,0.6685,0.6669,3.56,,,,,E:\legal-graph-kb\experiments\01_initial_eval\results\graphrag\A198.json
graphrag,199,0.0,0.0,0.0,0.0,0.7528,0.7703,0.7615,5.42,,,,,E:\legal-graph-kb\experiments\01_initial_eval\results\graphrag\A199.json
graphrag,2,0.0,0.0,0.0,0.0,0.6715,0.6702,0.6708,3.76,,,,,E:\legal-graph-kb\experiments\01_initial_eval\results\graphrag\A2.json
graphrag,20,0.0,0.0,0.0,0.0,0.7399,0.6824,0.71,2.95,,,,,E:\legal-graph-kb\experiments\01_initial_eval\results\graphrag\A20.json
graphrag,200,0.0,0.0,0.0,0.0,0.6763,0.6306,0.6526,3.37,,,,,E:\legal-graph-kb\experiments\01_initial_eval\results\graphrag\A200.json
graphrag,201,0.0,0.0,0.0,0.0,,,,3.13,,,,,E:\legal-graph-kb\experiments\01_initial_eval\results\graphrag\A201.json
graphrag,202,0.0,0.0,0.0,0.0,,,,2.92,,,,,E:\legal-graph-kb\experiments\01_initial_eval\results\graphrag\A202.json
graphrag,21,0.0,0.0,0.0,0.0,0.7378,0.755,0.7463,3.46,,,,,E:\legal-graph-kb\experiments\01_initial_eval\results\graphrag\A21.json
graphrag,22,0.0,0.0,0.0,0.0,0.6413,0.5503,0.5923,2.44,,,,,E:\legal-graph-kb\experiments\01_initial_eval\results\graphrag\A22.json
graphrag,23,0.0,0.0,0.0,0.0,0.745,0.6998,0.7217,9.85,,,,,E:\legal-graph-kb\experiments\01_initial_eval\results\graphrag\A23.json
graphrag,24,0.0,0.0,0.0,0.0,0.6605,0.5707,0.6123,2.09,,,,,E:\legal-graph-kb\experiments\01_initial_eval\results\graphrag\A24.json
graphrag,25,0.0,0.0,0.0,0.0,0.718,0.6437,0.6788,5.45,,,,,E:\legal-graph-kb\experiments\01_initial_eval\results\graphrag\A25.json
graphrag,26,0.0,0.0,0.0,,0.6817,0.6269,0.6532,3.43,,,,,E:\legal-graph-kb\experiments\01_initial_eval\results\graphrag\A26.json
graphrag,27,0.0,0.0,0.0,0.0,0.6273,0.5448,0.5831,2.31,,,,,E:\legal-graph-kb\experiments\01_initial_eval\results\graphrag\A27.json
graphrag,28,0.0,0.0,0.0,0.0,0.7547,0.7012,0.727,7.26,,,,,E:\legal-graph-kb\experiments\01_initial_eval\results\graphrag\A28.json
graphrag,29,0.0,0.0,0.0,,0.7153,0.6627,0.688,3.88,,,,,E:\legal-graph-kb\experiments\01_initial_eval\results\graphrag\A29.json
graphrag,3,0.0,0.0,0.0,0.0,0.6888,0.6284,0.6572,5.54,,,,,E:\legal-graph-kb\experiments\01_initial_eval\results\graphrag\A3.json
graphrag,30,0.0,0.0,0.0,,0.6886,0.6472,0.6673,3.58,,,,,E:\legal-graph-kb\experiments\01_initial_eval\results\graphrag\A30.json
graphrag,31,0.0,0.0,0.0,0.0,0.6213,0.5761,0.5979,2.44,,,,,E:\legal-graph-kb\experiments\01_initial_eval\results\graphrag\A31.json
graphrag,32,0.0,0.0,0.0,0.0,0.7241,0.6754,0.6989,5.71,,,,,E:\legal-graph-kb\experiments\01_initial_eval\results\graphrag\A32.json
graphrag,33,0.0,0.0,0.0,0.0,0.6272,0.5733,0.599,4.6,,,,,E:\legal-graph-kb\experiments\01_initial_eval\results\graphrag\A33.json
graphrag,34,0.0,0.0,0.0,0.0,0.5981,0.5302,0.5621,3.76,,,,,E:\legal-graph-kb\experiments\01_initial_eval\results\graphrag\A34.json
graphrag,35,0.0,0.0,0.0,0.0,0.7446,0.7134,0.7286,6.29,,,,,E:\legal-graph-kb\experiments\01_initial_eval\results\graphrag\A35.json
graphrag,36,0.0,0.0,0.0,0.0,0.7388,0.7564,0.7475,6.31,,,,,E:\legal-graph-kb\experiments\01_initial_eval\results\graphrag\A36.json
graphrag,37,0.0,0.0,0.0,0.0,0.6753,0.6557,0.6654,4.3,,,,,E:\legal-graph-kb\experiments\01_initial_eval\results\graphrag\A37.json
graphrag,38,0.0,0.0,0.0,0.0,0.6408,0.6281,0.6344,5.22,,,,,E:\legal-graph-kb\experiments\01_initial_eval\results\graphrag\A38.json
graphrag,39,0.0,0.0,0.0,0.0,0.6502,0.6297,0.6398,2.69,,,,,E:\legal-graph-kb\experiments\01_initial_eval\results\graphrag\A39.json
graphrag,4,0.0,0.0,0.0,0.0,0.7249,0.6606,0.6912,7.12,,,,,E:\legal-graph-kb\experiments\01_initial_eval\results\graphrag\A4.json
graphrag,40,0.0,0.0,0.0,0.0,0.6789,0.6571,0.6678,3.36,,,,,E:\legal-graph-kb\experiments\01_initial_eval\results\graphrag\A40.json
graphrag,41,0.0,0.0,0.0,0.0,0.6399,0.6423,0.6411,3.54,,,,,E:\legal-graph-kb\experiments\01_initial_eval\results\graphrag\A41.json
graphrag,42,0.0,0.0,0.0,0.0,0.6821,0.6553,0.6685,3.88,,,,,E:\legal-graph-kb\experiments\01_initial_eval\results\graphrag\A42.json
graphrag,43,0.0,0.0,0.0,,0.6579,0.649,0.6534,3.65,,,,,E:\legal-graph-kb\experiments\01_initial_eval\results\graphrag\A43.json
graphrag,44,0.0,0.0,0.0,0.0,0.6627,0.6349,0.6485,2.69,,,,,E:\legal-graph-kb\experiments\01_initial_eval\results\graphrag\A44.json
graphrag,45,0.0,0.0,0.0,0.0,0.6699,0.6366,0.6528,3.04,,,,,E:\legal-graph-kb\experiments\01_initial_eval\results\graphrag\A45.json
graphrag,46,0.0,0.0,0.0,0.0,0.6329,0.6583,0.6454,7.92,,,,,E:\legal-graph-kb\experiments\01_initial_eval\results\graphrag\A46.json
graphrag,47,0.0,0.0,0.0,0.0,0.657,0.6421,0.6495,3.82,,,,,E:\legal-graph-kb\experiments\01_initial_eval\results\graphrag\A47.json
graphrag,48,0.0,0.0,0.0,0.0,0.7599,0.7354,0.7475,4.26,,,,,E:\legal-graph-kb\experiments\01_initial_eval\results\graphrag\A48.json
graphrag,49,0.0,0.0,0.0,0.0,0.6687,0.6467,0.6575,3.06,,,,,E:\legal-graph-kb\experiments\01_initial_eval\results\graphrag\A49.json
graphrag,5,0.0,0.0,0.0,0.0,0.6689,0.6022,0.6338,4.38,,,,,E:\legal-graph-kb\experiments\01_initial_eval\results\graphrag\A5.json
graphrag,50,0.0,0.0,0.0,0.0,0.7311,0.7193,0.7252,7.79,,,,,E:\legal-graph-kb\experiments\01_initial_eval\results\graphrag\A50.json
graphrag,51,0.0,0.0,0.0,0.0,0.6789,0.6307,0.6539,2.82,,,,,E:\legal-graph-kb\experiments\01_initial_eval\results\graphrag\A51.json
graphrag,52,0.0,0.0,0.0,0.0,0.6548,0.6616,0.6582,4.18,,,,,E:\legal-graph-kb\experiments\01_initial_eval\results\graphrag\A52.json
graphrag,53,0.0,0.0,0.0,0.0,0.6424,0.644,0.6432,4.07,,,,,E:\legal-graph-kb\experiments\01_initial_eval\results\graphrag\A53.json
graphrag,54,0.0,0.0,0.0,0.0,0.6688,0.6267,0.647,4.5,,,,,E:\legal-graph-kb\experiments\01_initial_eval\results\graphrag\A54.json
graphrag,55,0.0,0.0,0.0,0.0,0.661,0.6506,0.6557,3.63,,,,,E:\legal-graph-kb\experiments\01_initial_eval\results\graphrag\A55.json
graphrag,56,0.0,0.0,0.0,0.0,0.6583,0.6782,0.6681,5.1,,,,,E:\legal-graph-kb\experiments\01_initial_eval\results\graphrag\A56.json
graphrag,57,0.0,0.0,0.0,0.0,0.6755,0.6543,0.6647,2.42,,,,,E:\legal-graph-kb\experiments\01_initial_eval\results\graphrag\A57.json
graphrag,58,0.0,0.0,0.0,0.0,0.6883,0.741,0.7137,6.79,,,,,E:\legal-graph-kb\experiments\01_initial_eval\results\graphrag\A58.json
graphrag,59,0.0,0.0,0.0,0.0,0.7212,0.7025,0.7117,4.52,,,,,E:\legal-graph-kb\experiments\01_initial_eval\results\graphrag\A59.json
graphrag,6,0.0,0.0,0.0,0.0,0.7509,0.6678,0.7069,3.36,,,,,E:\legal-graph-kb\experiments\01_initial_eval\results\graphrag\A6.json
graphrag,60,0.0,0.0,0.0,,0.6659,0.6418,0.6536,3.34,,,,,E:\legal-graph-kb\experiments\01_initial_eval\results\graphrag\A60.json
graphrag,61,0.0,0.0,0.0,,0.6259,0.6401,0.6329,5.2,,,,,E:\legal-graph-kb\experiments\01_initial_eval\results\graphrag\A61.json
graphrag,62,0.0,0.0,0.0,0.0,0.6241,0.6476,0.6356,5.11,,,,,E:\legal-graph-kb\experiments\01_initial_eval\results\graphrag\A62.json
graphrag,63,0.0,0.0,0.0,0.0,0.6596,0.6483,0.6539,5.63,,,,,E:\legal-graph-kb\experiments\01_initial_eval\results\graphrag\A63.json
graphrag,64,0.0,0.0,0.0,0.0,0.6403,0.6326,0.6364,3.15,,,,,E:\legal-graph-kb\experiments\01_initial_eval\results\graphrag\A64.json
graphrag,65,0.0,0.0,0.0,,0.6314,0.6268,0.6291,2.74,,,,,E:\legal-graph-kb\experiments\01_initial_eval\results\graphrag\A65.json
graphrag,66,0.0,0.0,0.0,0.0,0.6871,0.7091,0.6979,8.29,,,,,E:\legal-graph-kb\experiments\01_initial_eval\results\graphrag\A66.json
graphrag,67,0.0,0.0,0.0,0.0,0.6665,0.6763,0.6714,8.71,,,,,E:\legal-graph-kb\experiments\01_initial_eval\results\graphrag\A67.json
graphrag,68,0.0,0.0,0.0,0.0,0.6732,0.678,0.6756,6.19,,,,,E:\legal-graph-kb\experiments\01_initial_eval\results\graphrag\A68.json
graphrag,69,0.0,0.0,0.0,0.0,0.7692,0.748,0.7585,5.91,,,,,E:\legal-graph-kb\experiments\01_initial_eval\results\graphrag\A69.json
graphrag,7,0.0,0.0,0.0,0.0,0.7929,0.7309,0.7606,8.1,,,,,E:\legal-graph-kb\experiments\01_initial_eval\results\graphrag\A7.json
graphrag,70,0.0,0.0,0.0,0.0,0.711,0.7175,0.7142,6.62,,,,,E:\legal-graph-kb\experiments\01_initial_eval\results\graphrag\A70.json
graphrag,71,0.0,0.0,0.0,0.0,0.6474,0.6414,0.6444,5.8,,,,,E:\legal-graph-kb\experiments\01_initial_eval\results\graphrag\A71.json
graphrag,72,0.0,0.0,0.0,0.0,0.7213,0.7217,0.7215,9.86,,,,,E:\legal-graph-kb\experiments\01_initial_eval\results\graphrag\A72.json
graphrag,73,0.0,0.0,0.0,0.0,0.7599,0.7303,0.7448,5.78,,,,,E:\legal-graph-kb\experiments\01_initial_eval\results\graphrag\A73.json
graphrag,74,0.0,0.0,0.0,,0.6807,0.6605,0.6705,5.35,,,,,E:\legal-graph-kb\experiments\01_initial_eval\results\graphrag\A74.json
graphrag,75,0.0,0.0,0.0,0.0,0.6715,0.6506,0.6609,3.48,,,,,E:\legal-graph-kb\experiments\01_initial_eval\results\graphrag\A75.json
graphrag,76,0.0,0.0,0.0,0.0,0.6415,0.6014,0.6208,3.69,,,,,E:\legal-graph-kb\experiments\01_initial_eval\results\graphrag\A76.json
graphrag,77,0.0,0.0,0.0,0.0,0.6672,0.6664,0.6668,3.61,,,,,E:\legal-graph-kb\experiments\01_initial_eval\results\graphrag\A77.json
graphrag,78,0.0,0.0,0.0,0.0,0.8133,0.7774,0.795,4.8,,,,,E:\legal-graph-kb\experiments\01_initial_eval\results\graphrag\A78.json
graphrag,79,0.0,0.0,0.0,0.0,0.6391,0.6371,0.6381,2.43,,,,,E:\legal-graph-kb\experiments\01_initial_eval\results\graphrag\A79.json
graphrag,8,0.0,0.0,0.0,0.0,0.7012,0.6372,0.6677,3.76,,,,,E:\legal-graph-kb\experiments\01_initial_eval\results\graphrag\A8.json
graphrag,80,0.0,0.0,0.0,0.0,0.6526,0.641,0.6467,2.29,,,,,E:\legal-graph-kb\experiments\01_initial_eval\results\graphrag\A80.json
graphrag,81,0.0,0.0,0.0,0.0,0.6792,0.6715,0.6753,6.45,,,,,E:\legal-graph-kb\experiments\01_initial_eval\results\graphrag\A81.json
graphrag,82,0.0,0.0,0.0,0.0,0.6499,0.636,0.6429,3.15,,,,,E:\legal-graph-kb\experiments\01_initial_eval\results\graphrag\A82.json
graphrag,83,0.0,0.0,0.0,,0.6269,0.635,0.631,3.86,,,,,E:\legal-graph-kb\experiments\01_initial_eval\results\graphrag\A83.json
graphrag,84,0.0,0.0,0.0,0.0,0.6638,0.6548,0.6593,2.97,,,,,E:\legal-graph-kb\experiments\01_initial_eval\results\graphrag\A84.json
graphrag,85,0.0,0.0,0.0,0.0,0.6439,0.6096,0.6263,2.83,,,,,E:\legal-graph-kb\experiments\01_initial_eval\results\graphrag\A85.json
graphrag,86,0.0,0.0,0.0,0.0,0.6755,0.6563,0.6658,2.32,,,,,E:\legal-graph-kb\experiments\01_initial_eval\results\graphrag\A86.json
graphrag,87,0.0,0.0,0.0,0.0,0.6419,0.625,0.6333,2.18,,,,,E:\legal-graph-kb\experiments\01_initial_eval\results\graphrag\A87.json
graphrag,88,0.0,0.0,0.0,0.0,0.6643,0.6614,0.6629,2.58,,,,,E:\legal-graph-kb\experiments\01_initial_eval\results\graphrag\A88.json
graphrag,89,0.0,0.0,0.0,0.0,0.6833,0.6534,0.668,2.04,,,,,E:\legal-graph-kb\experiments\01_initial_eval\results\graphrag\A89.json
graphrag,9,0.0,0.0,0.0,0.0,0.696,0.6274,0.6599,3.96,,,,,E:\legal-graph-kb\experiments\01_initial_eval\results\graphrag\A9.json
graphrag,90,0.0,0.0,0.0,0.0,0.679,0.6866,0.6828,3.33,,,,,E:\legal-graph-kb\experiments\01_initial_eval\results\graphrag\A90.json
graphrag,91,0.0,0.0,0.0,0.0,0.7589,0.7612,0.76,4.22,,,,,E:\legal-graph-kb\experiments\01_initial_eval\results\graphrag\A91.json
graphrag,92,0.0,0.0,0.0,0.0,0.6457,0.6115,0.6281,5.9,,,,,E:\legal-graph-kb\experiments\01_initial_eval\results\graphrag\A92.json
graphrag,93,0.0,0.0,0.0,,0.6583,0.6412,0.6496,6.94,,,,,E:\legal-graph-kb\experiments\01_initial_eval\results\graphrag\A93.json
graphrag,94,0.0,0.0,0.0,0.0,0.6624,0.6216,0.6414,4.41,,,,,E:\legal-graph-kb\experiments\01_initial_eval\results\graphrag\A94.json
graphrag,95,0.0,0.0,0.0,0.0,0.6524,0.6329,0.6425,3.44,,,,,E:\legal-graph-kb\experiments\01_initial_eval\results\graphrag\A95.json
graphrag,97,0.0,0.0,0.0,,0.6442,0.6473,0.6457,5.92,,,,,E:\legal-graph-kb\experiments\01_initial_eval\results\graphrag\A97.json
graphrag,98,0.0,0.0,0.0,0.0,0.6593,0.628,0.6432,2.66,,,,,E:\legal-graph-kb\experiments\01_initial_eval\results\graphrag\A98.json
graphrag,99,0.0,0.0,0.0,,0.5902,0.6164,0.603,4.17,,,,,E:\legal-graph-kb\experiments\01_initial_eval\results\graphrag\A99.json
